B00AZBSPQA,7068
B004M7WKKK,7069
B004YZMKKU,7070
B00F9Q6G5I,7071
B000YP66WC,7072
B000R80ZTQ,7073
B00G5WO2VK,7074
B0006ZHCK0,7075
B00JCE89SU,7076
B009Y2117G,7077
B004REGO00,7078
B00G0EJYFW,7079
B00195MZUI,7080
B00KCTER3U,7081
B001P24STQ,7082
B00D18ZDM8,7083
B00016XJ4M,7084
B001FB5IIC,7085
B001IACZEK,7086
B002DPUY5Q,7087
B003BMGAFI,7088
B008BCNL3C,7089
B00KBIX8MS,7090
B00644YNAO,7091
B00B3XZ76A,7092
B001715WH2,7093
B000OLE7V8,7094
B002QASVFS,7095
B003BQ6QXK,7096
B001LF4BEE,7097
B0017BI80K,7098
B000052YP6,7099
B0030GFXMQ,7100
B0043TURKC,7101
B003XFKACM,7102
B002LFQ5MO,7103
B008DF6XB4,7104
B004A7OVBI,7105
B00KLA4INE,7106
B002LMBLTY,7107
B000TKH6G2,7108
B00373MSNE,7109
B003FXG314,7110
B00EOP3MJI,7111
B0078VJ1OK,7112
B002MO3CG6,7113
B001UTK76C,7114
B004DC2PM2,7115
B0028SVO98,7116
B0046MI3SO,7117
B0071HIDLS,7118
B006Z8B5HS,7119
B004DKAYUE,7120
B005AYJ6EW,7121
B004A8LFJI,7122
B008GFVOOM,7123
B00A76CPUA,7124
B005FOPQT6,7125
B0011Z3WU8,7126
B0047WWDNO,7127
B00GTC1JHQ,7128
B000WQU5IE,7129
B004VM9JCS,7130
B00KDOV8DG,7131
B0013OJUWQ,7132
B001SAUBOQ,7133
B00GGR7YGO,7134
B008DK8J6G,7135
B0008IV7BU,7136
B001G2B8NO,7137
B001OG1CWY,7138
B000142OZY,7139
B00BAVQZ5W,7140
B001RVFZQU,7141
B002N6SBJ6,7142
B002JDUMFO,7143
B008RS4LO8,7144
B000NCTQV4,7145
B002B4NP00,7146
B0047ARSKE,7147
B000066CKS,7148
B007PQYHJW,7149
B002UUT39M,7150
B00GJX58PE,7151
B000OD5V8E,7152
B00IMLLW6A,7153
B004TSFBJO,7154
B003LA90RU,7155
B003TXO7XQ,7156
B0042L1XJK,7157
B00CA05FO4,7158
B004KATCFK,7159
B000E3A6F2,7160
B000UVZU1S,7161
B00BD822BI,7162
B003E0Z3JQ,7163
B00012NJZA,7164
B000H8UN3Y,7165
B003IU8KLU,7166
B00356UHT0,7167
B001A3ATP2,7168
B003OGV7UO,7169
B002XHAEMC,7170
B00BB8ZIQQ,7171
B000PP15L8,7172
B008VSY4LO,7173
B001824J5G,7174
B000ICRDSW,7175
B001KYO7OA,7176
B008BDQKQQ,7177
B007JBF99U,7178
B003Y55NXM,7179
B008T85MU8,7180
B000XE5260,7181
B002RUH3OM,7182
B0082XRJXS,7183
B0002Z81O0,7184
B000RTPT8M,7185
B002TSA93Y,7186
B00KD73PBQ,7187
B003TTB4SG,7188
B0094DH1RE,7189
B002HMCIOK,7190
B003GMVD96,7191
B000JI9JYQ,7192
B0027VCNGO,7193
B0018S8MZ8,7194
B00BFM3HRU,7195
B0000Y3D4G,7196
B004BPVF7W,7197
B000S0CKRS,7198
B00120VWTK,7199
B000GCVZSI,7200
B0009OAI1S,7201
B001ET76EY,7202
B004BD9152,7203
B00AQ9RTBS,7204
B007004PZO,7205
B0046BTAI2,7206
B005TI7LHS,7207
B009CUYUVY,7208
B00006FRW7,7209
B0077HOFKU,7210
B006X1INQI,7211
B000GFCRGO,7212
B0098JU8T2,7213
B00CNWY1YY,7214
B00DM14TYC,7215
B002UUT38I,7216
B00HQ5K426,7217
B004BCT7A2,7218
B005UBN5AQ,7219
B005TT8RPM,7220
B001G52ZHO,7221
B0058P6S2Q,7222
B0010XE0ZW,7223
B008U1Q4DI,7224
B000NOFZTY,7225
B008BNTVHG,7226
B000V70MWS,7227
B0045HYPIM,7228
B0000AJ3PU,7229
B0019LP8UQ,7230
B000P1S0NI,7231
B00L5KTZ0K,7232
B0059GQYGY,7233
B001M6VK2S,7234
B005EHHWPA,7235
B009RNUH4A,7236
B0000YUX4O,7237
B006BNFXHU,7238
B001V9OO60,7239
B000EGMCFG,7240
B003STPN4S,7241
B008PGD4UO,7242
B0046VESSE,7243
B000P279E8,7244
B0030O3VRW,7245
B00IG9L8QM,7246
B008532S7W,7247
B002Y1Y1I0,7248
B000GCR6S6,7249
B0009P4PZC,7250
B00A0J09GG,7251
B004KPYWM8,7252
B00GYB107Q,7253
B0032K5YSI,7254
B0082D69H0,7255
B00469CIMO,7256
B000GHGGKK,7257
B000QTFT2Y,7258
B00GNA9WG4,7259
B008PUJBJS,7260
B003VPTA2U,7261
B0002YE8WA,7262
B002VQTI4K,7263
B0046VEREY,7264
B00D76IPK6,7265
B001JDHR4Y,7266
B001JQLNNC,7267
B000ZJ2842,7268
B000F5AG5E,7269
B005SJSQIG,7270
B003Z4QHP0,7271
B006BL75SW,7272
B003PL9ONU,7273
B007JT7AIA,7274
B003KUD702,7275
B005EIIEQA,7276
B000GHWSG6,7277
B003FV82VA,7278
B008SPOKIW,7279
B001169LHK,7280
B00HE88JMC,7281
B0072XR560,7282
B00H5V3T8M,7283
B000UV3HW2,7284
B004SPY1SU,7285
B004FAJFDO,7286
B0026J10CU,7287
B00HB2JQNM,7288
B0013L3XMM,7289
B000O3BDHW,7290
B00D6EDGYE,7291
B000K7E2G6,7292
B003OH0KBA,7293
B0006BDMIU,7294
B004LXHEX8,7295
B004NMTMUK,7296
B008PK5NRC,7297
B009M1K396,7298
B001UHSVOY,7299
B003QUONE0,7300
B00027CDYM,7301
B001G3VA22,7302
B0002Z8QG8,7303
B002CL6D56,7304
B00JYY576U,7305
B00DEXA0LY,7306
B00AE07FUO,7307
B002NGMENA,7308
B005OZW3ZG,7309
B00429BV3K,7310
B005D0WXPC,7311
B001330XFA,7312
B008NX5AGK,7313
B004NMR6TY,7314
B002HEW8C0,7315
B004SXTF38,7316
B0012C8TXU,7317
B0030DK7E8,7318
B001JQLNMI,7319
B001JQLNJ6,7320
B004H4TWJU,7321
B009DUJCVQ,7322
B001JQLNFA,7323
B004YRTZG0,7324
B006M1AQDM,7325
B0063VG5UY,7326
B0006N29AU,7327
B00IJZJ9K0,7328
B005TI7LB4,7329
B00DQL2TCW,7330
B000EX5JO0,7331
B006T8T0P8,7332
B000CSDDDG,7333
B006U9D6D8,7334
B00004TMFE,7335
B00021DUM2,7336
B00AE07EGO,7337
B000JQLNO2,7338
B0062W4TD4,7339
B00005REAT,7340
B000XVEZFC,7341
B000I5JEAO,7342
B008U12YV4,7343
B0001TODNK,7344
B0015G9EGY,7345
B005EII2OY,7346
B002L6NZHG,7347
B000RQ1DAI,7348
B0028K3J6W,7349
B006E3STSM,7350
B00B0QJC6Q,7351
B0069YCYB4,7352
B00015HBD8,7353
B004Y5M8QQ,7354
B000FRWNL2,7355
B004BCX8B6,7356
B000G1MT2U,7357
B002RXK1UC,7358
B000LNWUIG,7359
B00027D0DU,7360
B000XPC8MA,7361
B002B4EFCC,7362
B002B4LUF2,7363
B002HPBF32,7364
B000052ZB4,7365
B00AE07CPM,7366
B000A3I2X4,7367
B004KAVHG2,7368
B00ITA8HD0,7369
B001JQLNOG,7370
B000KOHRX4,7371
B003Q33LJ0,7372
B009GEUOXO,7373
B007RTR8AM,7374
B00CJQBTJE,7375
B0047ELN2O,7376
B006OHM11Y,7377
B003SRBYP2,7378
B002TSA916,7379
B000C1Z19M,7380
B008U4DUGO,7381
B004Y9GS0E,7382
B0049WJA9C,7383
B0001XLSR0,7384
B007FAOPP4,7385
B000GDC4IM,7386
B0001Y74VS,7387
B001F51TBI,7388
B007UM8ZGM,7389
B006BES3LC,7390
B003FXE6VI,7391
B00FFANXMM,7392
B005OZH88I,7393
B000052YM3,7394
B0000Y3FRG,7395
B0067JF88M,7396
B00HSNWXTI,7397
B00ALV8EKQ,7398
B001Q878WI,7399
B001QOGXOG,7400
B004ITB3IW,7401
B00942W51C,7402
B004CQXZD2,7403
B00HHR0SYW,7404
B005OU4J6C,7405
B000HJ0ICY,7406
B004ZC13OG,7407
B0009ET6BQ,7408
B00F5KDZ4S,7409
B00112BW5I,7410
B00142DXVG,7411
B002K8UB9A,7412
B006RFZ66K,7413
B00GTBZN4C,7414
B001PUR1GK,7415
B00557OUEU,7416
B0009RFB76,7417
B002TSA94S,7418
B001FB5TLI,7419
B00FDK0V4M,7420
B004BEBVZ4,7421
B008TNPX52,7422
B00112TIE0,7423
B00DPV1RSA,7424
B00AE07EIM,7425
B001BMLJU6,7426
B006L2137U,7427
B004ZWH39A,7428
B00D2IFG8S,7429
B005G9LPAY,7430
B00198ZPU2,7431
B0028RC5N8,7432
B00ILH0IE2,7433
B00A0IWSN4,7434
B007PY4QV8,7435
B00157S30Q,7436
B0062MAAAK,7437
B002JSL6QI,7438
B00GMWMMOC,7439
B0047ELPNQ,7440
B004MPZLVC,7441
B001UE60E0,7442
B004ZH5MTS,7443
B00AE07GX0,7444
B0029ERWH4,7445
B00GBMTWDC,7446
B003F7X0G6,7447
B004SSRSRS,7448
B0010ED5FC,7449
B00011QUDE,7450
B0018BTA2Y,7451
B006Z96OI2,7452
B001MWV40U,7453
B000BPMB2Y,7454
B001NXBXYK,7455
B000CQPRBE,7456
B00028OSI0,7457
B000F35R00,7458
B00365DABC,7459
B0002Z0R9C,7460
B000VTVA7M,7461
B000NLJFNY,7462
B009GIOVKC,7463
B00CDGR29G,7464
B004X1QKO2,7465
B007U90J5U,7466
B0047ETXD0,7467
B00AIQOKDY,7468
B0029OAL86,7469
B00700H128,7470
B0047ETODO,7471
B002CMLS46,7472
B0094GFW68,7473
B000JF9Q1U,7474
B003CTVSKC,7475
B006ZAPMT8,7476
B001DPMETG,7477
B00DSLFNQ4,7478
B00I073WLE,7479
B002N5MKM6,7480
B00008MNZH,7481
B00B8Z2LRQ,7482
B00028MLHA,7483
B003Y04OK0,7484
B003N21THK,7485
B00AR03HRG,7486
B0049OLZ84,7487
B0012J138G,7488
B00E5H3W2C,7489
B00JZ0L7VC,7490
B003P85MAM,7491
B0074BZAS0,7492
B00BZ1QN2C,7493
B004P2RZUC,7494
B0000530EZ,7495
B008H42554,7496
B004P2LL2K,7497
B003U7OYK2,7498
B00GNA9W4G,7499
B0017KGOY8,7500
B0062GYYSA,7501
B0055E61KY,7502
B00BB8ZHJE,7503
B002XHACJW,7504
B0063A432W,7505
B00AO4E9DG,7506
B007WW1AOE,7507
B00174GJC6,7508
B0019QQ13Y,7509
B003FSGRW4,7510
B002S8S036,7511
B000141O6E,7512
B0013GB1Y4,7513
B003JTA1IU,7514
B008PTPSF0,7515
B004VMGTY4,7516
B002LZYVWA,7517
B008RRX9CE,7518
B0034XRYAO,7519
B000O8R4CA,7520
B001G7PPNI,7521
B0036BWIBO,7522
B000P22TIY,7523
B000143K2A,7524
B000G8LWZI,7525
B001W2X8AO,7526
B001KYVLSU,7527
B009RNUH7M,7528
B008LF5U7E,7529
B0036I8BPE,7530
B004MKEGWM,7531
B005KCAGEI,7532
B002YK54XC,7533
B0070TSNO4,7534
B00609D92Q,7535
B001KYPZRS,7536
B00GR4SSPW,7537
B002ZQ9COM,7538
B004DIZZH8,7539
B003HLTTJM,7540
B00016WV6E,7541
B001KYNVLU,7542
B00ISDOYV2,7543
B00BB8ZIRK,7544
B00BB5YHFW,7545
B00GLS593S,7546
B0060HOMHE,7547
B0046KG8DS,7548
B0009OAGXI,7549
B006RFZ9IK,7550
B006VX5RQW,7551
B000FBNV1Y,7552
B00F008GFQ,7553
B004Y5NA1I,7554
B000AO2NXS,7555
B00639DLV2,7556
B001BAN0FK,7557
B004W8XLAM,7558
B000PKWAWQ,7559
B00BRGR752,7560
B000HRVC5I,7561
B00449Q6I8,7562
B000EA0L5K,7563
B005C2O3PO,7564
B000V9RRD8,7565
B00B868SK4,7566
B0006HCE60,7567
B009ERIUNY,7568
B003VAIG3Y,7569
B00C64GX4K,7570
B004YVDIAU,7571
B009XRF9M0,7572
B004TSF996,7573
B00HNTBTOC,7574
B009YSXB3M,7575
B0016B5LAQ,7576
B003SSTKHU,7577
B00265YNFK,7578
B000Z43P80,7579
B001ET6Y4C,7580
B00IMHN0B4,7581
B000MVC1CW,7582
B002Q52YKG,7583
B002UUT3YM,7584
B004JLGC12,7585
B00480JHWK,7586
B00HOHLKY2,7587
B009JJA49U,7588
B008RIJVTI,7589
B005XIM6J2,7590
B003IU9HI0,7591
B0092MCO88,7592
B000L8GL8G,7593
B004Q27KRO,7594
B009DDGHFC,7595
B004H53CW2,7596
B00021CNCK,7597
B002XOQSPC,7598
B000VT54QA,7599
B009YSSLAU,7600
B000VDUOFM,7601
B00AE07FQI,7602
B008EKY8VK,7603
B003U4LGV0,7604
B002VBRPZO,7605
B007SA3CD2,7606
B00004TUBL,7607
B004BCTBAS,7608
B001MJT6IA,7609
B003YELGF2,7610
B00008CMOS,7611
B000C1VWIQ,7612
B0002QB1SC,7613
B000RLXG6W,7614
B004WSXD4G,7615
B006H2ZASC,7616
B0068YUBCE,7617
B002B4GGUG,7618
B00A0IWTDI,7619
B003OH07G8,7620
B004ICVLWW,7621
B003XS3JC2,7622
B003RF82UK,7623
B008U2Y9BQ,7624
B000EVGQ8U,7625
B00685KUGA,7626
B001H54SQ4,7627
B00C1F13CQ,7628
B0017MO8AS,7629
B001F0QX0K,7630
B000F65JSC,7631
B005JLLG8U,7632
B0053L2E1O,7633
B0000CC64W,7634
B000092OX4,7635
B002UUT3A6,7636
B003LR3MQ8,7637
B004BUY5RY,7638
B0067F8BBM,7639
B001DKVBJU,7640
B004MTF3KC,7641
B006RFYH92,7642
B000BTO6CI,7643
B0028P1S38,7644
B00CDOX81E,7645
B001G7OCSM,7646
B001CT0AGC,7647
B00DCF7QW0,7648
B003IX3CEM,7649
B00005O0MZ,7650
B003ICXCG6,7651
B003OGYO7W,7652
B00106AC06,7653
B000P4ZOIE,7654
B0086LC47M,7655
B003S16H5A,7656
B001ADP0OM,7657
B0020MMCJI,7658
B00021AK4I,7659
B004TTXMQ2,7660
B00C8G2VLK,7661
B006OHM542,7662
B0009PVV40,7663
B000N8CN4U,7664
B004IC8WS8,7665
B002LFLXDA,7666
B0051918JW,7667
B007HPG4UQ,7668
B0089JVDPK,7669
B007RTR8UW,7670
B00468KRH8,7671
B0045W4X16,7672
B003282VZE,7673
B00EOP3O3C,7674
B0039YQG3E,7675
B00A41G09A,7676
B000C230QC,7677
B0055MYJ0U,7678
B0000682T7,7679
B0000ZLEFU,7680
B001ECQ4IU,7681
B000VSG1PO,7682
B004BCXAM8,7683
B00CEPM91M,7684
B005C1C02S,7685
B000PHVTVC,7686
B002A9JONI,7687
B005TI2AAQ,7688
B000L596FE,7689
B000WNLFBI,7690
B005YB36RY,7691
B000IIHDT0,7692
B001E11CPQ,7693
B005UGVIQ4,7694
B004GQZX4M,7695
B00I6CRX04,7696
B0051V1EQW,7697
B008DFR2UU,7698
B009XRFAJW,7699
B002SPVA7M,7700
B003H0U5BY,7701
B005IHS8KY,7702
B00BQ76XK2,7703
B004K0MVKS,7704
B001T8MD8Y,7705
B003VN1ING,7706
B007M81B4M,7707
B0063I3R9O,7708
B004R6HIR6,7709
B003S5LWRO,7710
B000G33KEO,7711
B004Y9JURC,7712
B00400B7RQ,7713
B004UQPCGM,7714
B00JQ12U0M,7715
B0006GZAKI,7716
B000P6I3WG,7717
B001KYO1QO,7718
B0041KLRYS,7719
B000MVVK7E,7720
B0000535CH,7721
B00GGZRC22,7722
B000JBWZR6,7723
B002KP1WIW,7724
B0085BVFZK,7725
B0001AQCII,7726
B004CASKMO,7727
B0071H5C76,7728
B0044XXO84,7729
B0019ZMFYE,7730
B001E6G6FC,7731
B008DCP8I6,7732
B008R56PAY,7733
B00BUMDR1Q,7734
B004LEJ8R2,7735
B001H9289Y,7736
B000NJHNLW,7737
B000U0XGME,7738
B00A1Y177A,7739
B009WS6MUS,7740
B00141XJJS,7741
B00DIH6CMW,7742
B006ZBKH2Y,7743
B000J2652Q,7744
B0061JQY40,7745
B00028MLG6,7746
B004I94DF2,7747
B000H3GCXY,7748
B00AO4EBOI,7749
B00A2Y3LD2,7750
B00092M2VO,7751
B002KAGWYQ,7752
B00FRDPR4O,7753
B004D2DR0Q,7754
B0042PEBMM,7755
B000PHUKEE,7756
B0028Q8I6C,7757
B004Y4JNZ6,7758
B000Q8R7KW,7759
B0024WDWU2,7760
B001TSB9MA,7761
B0009EXONC,7762
B0007V6PFQ,7763
B006T9BBM2,7764
B005UL3LVY,7765
B00GTBZ8B0,7766
B000AA5VD6,7767
B001G7HMEI,7768
B001UE7D2I,7769
B007TAQZ8A,7770
B00CNE2GOO,7771
B00168NIEK,7772
B0076H8R8C,7773
B000G666HE,7774
B004VMGT2Q,7775
B000F8HWXU,7776
B00GYB1ECW,7777
B00CPBIW9I,7778
B001BPFQF2,7779
B00FAEOCP0,7780
B001ADQUWS,7781
B003NW8M1Q,7782
B000VUYDJI,7783
B005ACLU3E,7784
B0038QLU66,7785
B00BKHN67Q,7786
B0017QK7A4,7787
B001UHN0I6,7788
B002BGDLDO,7789
B00DTEZIXI,7790
B0002Z0U5I,7791
B000RYSXWG,7792
B009UXXGJK,7793
B000W0YAOA,7794
B0027CT5TG,7795
B001AZS6R8,7796
B003I5SC72,7797
B000HIYE0M,7798
B00HNKRWX8,7799
B008TGS9N2,7800
B000GUZ8HY,7801
B009ZRFJFA,7802
B0062GZB4Q,7803
B00GBL8VJY,7804
B003VMVBVG,7805
B001KYO5RE,7806
B003FKSVMG,7807
B009CS493U,7808
B005UL1B34,7809
B000PHKE0O,7810
B000BY2N7S,7811
B005TI7L7I,7812
B0002Z0UA8,7813
B00IRMZ6S4,7814
B00AUFS8I6,7815
B003DVNKU0,7816
B0039OVDJ6,7817
B003YC4FQ6,7818
B0037MH6L4,7819
B001F51PXA,7820
B002DPUY10,7821
B0084BPHY6,7822
B000C1W3JS,7823
B00BV5EW8Y,7824
B0000535RA,7825
B002VH64KA,7826
B005Y6F4WO,7827
B0000YUXI0,7828
B004UMYEIS,7829
B003C268NQ,7830
B009IROB4W,7831
B000FFI228,7832
B001DYM62C,7833
B005SPETH2,7834
B0030GFY02,7835
B00147FGJ8,7836
B009CZR3Y0,7837
B004S3M2V0,7838
B0009OAHVO,7839
B001ET7BQC,7840
B008YAV0A2,7841
B00133HK3I,7842
B003OGUQS8,7843
B0018HH444,7844
B005VX8S4G,7845
B0009F3M6A,7846
B000JR59LY,7847
B00005NFBJ,7848
B00699IIW8,7849
B004MJIL92,7850
B003PON1M2,7851
B007LANY2S,7852
B0055S4BZ2,7853
B004Y4HX58,7854
B00KLZO2JE,7855
B003GVCU62,7856
B003I8I0YY,7857
B0046MK34G,7858
B00BM4GG9C,7859
B000VHTU80,7860
B000A0ADT8,7861
B009PZVOF6,7862
B009GMYMQ6,7863
B004D2826K,7864
B002S8PU02,7865
B00871KNRY,7866
B00ALV8EJW,7867
B006840FE8,7868
B006RFZ5ZM,7869
B003JN5ZEG,7870
B00027EG9C,7871
B00J3JDCH2,7872
B004BYUQAU,7873
B0016Q1RI6,7874
B008V1I2MI,7875
B004MUG8SM,7876
B000IOFQWK,7877
B003XRZQ42,7878
B000FBK5HW,7879
B008HBMRRS,7880
B00L3LB0IG,7881
B000H88PCU,7882
B00F029RNY,7883
B002CL84FI,7884
B004D281CK,7885
B00AO4E9L8,7886
B00AILKE6G,7887
B00D6EDGZI,7888
B00A7W13Q6,7889
B003F7WQGQ,7890
B0000C0XL8,7891
B0068G8DTA,7892
B002PBGBX2,7893
B000EPJNMW,7894
B005UKRRKG,7895
B000US084U,7896
B001DBPZQE,7897
B002CMLHF6,7898
B000CED0VK,7899
B005KO7NK6,7900
B001D0ACUE,7901
B007E0FQ1W,7902
B005TI7NQ2,7903
B0009M0C5W,7904
B005OZJYUS,7905
B00BRW1AFO,7906
B000XCS9U8,7907
B004XN18CY,7908
B0001ZYLAO,7909
B0000530O9,7910
B00IAMTLS2,7911
B004UKENRC,7912
B0038TYTSO,7913
B000RGZK02,7914
B002WR58XS,7915
B0036LMFYO,7916
B008LDFU26,7917
B004DK7DVC,7918
B0002XG9X2,7919
B005O54SVS,7920
B001KYO2M2,7921
B0084A5PSK,7922
B004LCZEJK,7923
B002RS6JW6,7924
B00AN9CHY0,7925
B000G666QK,7926
B004220C6E,7927
B001LF4G6W,7928
B00157DO4Q,7929
B0065R18TY,7930
B00GTBZI6A,7931
B00390DN34,7932
B004Z1L3JC,7933
B001LF4G44,7934
B0012RSXNG,7935
B00JNI1DZQ,7936
B001CYC4EI,7937
B00AQX87M4,7938
B004DJUHMA,7939
B0000Y3LAC,7940
B002NBF8SI,7941
B002Q6UK9M,7942
B0018QE1IC,7943
B00COVNG7W,7944
B00JPMJK7I,7945
B0000632EN,7946
B00JEIM6MY,7947
B00027D8IC,7948
B00A7H8ECW,7949
B000YZGP4G,7950
B007KNAA2S,7951
B001GMN7K6,7952
B002T71IL2,7953
B00AZRGH64,7954
B000XYPNMS,7955
B009LY2GC6,7956
B000GI3U6C,7957
B000JL3U1Q,7958
B001GIOV8C,7959
B000HJT1CW,7960
B000PQDKU6,7961
B00631JA8S,7962
B003BJZ1M4,7963
B00E68O4JU,7964
B00008KA8D,7965
B00BRGUNV2,7966
B00A3C06XG,7967
B00AWLB9I4,7968
B001E96L6I,7969
B002CML1XE,7970
B0080GV0Z0,7971
B001GIOW3G,7972
B002OVV7F0,7973
B000XU49RW,7974
B0012J30LY,7975
B0017SWIU4,7976
B003SJ0FSW,7977
B005GQ6F4I,7978
B00G75X158,7979
B0009N35D2,7980
B004NYWR7S,7981
B004OUFZP2,7982
B000R46I1O,7983
B001183N9K,7984
B00387F426,7985
B0009EXOO6,7986
B000V09TVK,7987
B008BREPKA,7988
B002L6PWZO,7989
B003ZX32ZO,7990
B002MOBZSS,7991
B004NCFOZM,7992
B00AE078YM,7993
B0077CNO1G,7994
B002IS6S62,7995
B00F6P3DTO,7996
B003AQGX1Q,7997
B005MMCAX6,7998
B001FB5IIM,7999
B00GPDRFPO,8000
B0015XNAS0,8001
B007XA7ZLM,8002
B0032RMX3U,8003
B003XKY57S,8004
B005UBN3L2,8005
B000O5UWTA,8006
B003MJG19K,8007
B00CXADQ4M,8008
B00910ZHJE,8009
B001KYRNAK,8010
B0009Y6RHM,8011
B009HBDK2S,8012
B009GEUPMY,8013
B004IR6TY2,8014
B0047F9622,8015
B004S9SEWK,8016
B004MKEMPI,8017
B00AO4E9MC,8018
B003EUR1D2,8019
B000GCZZZC,8020
B002JL1Y6C,8021
B000N758A2,8022
B000FS05VG,8023
B002DOO1VA,8024
B000GF1E54,8025
B00005REAQ,8026
B000052YOX,8027
B001JQLNNW,8028
B0052BHMOO,8029
B004M2Y7RY,8030
B0026BA9HA,8031
B0000UJJH0,8032
B001MA0QY2,8033
B0009I4MCU,8034
B00DBNDS8Y,8035
B00363H8IU,8036
B000GHIBQM,8037
B004BCT7G6,8038
B005HIHD2I,8039
B00181OKDI,8040
B00021B8L2,8041
B001FB5IEG,8042
B005R3IPJI,8043
B0085WHBHU,8044
B00GLS554Q,8045
B003QOZ2C8,8046
B004HSO124,8047
B007XA49O8,8048
B00005CDSP,8049
B001KWB85S,8050
B00GNJCZ3M,8051
B003O4BWV0,8052
B00120VWRW,8053
B004SS8WWS,8054
B000C1W2DK,8055
B001ECQ4YO,8056
B0001VOJWI,8057
B00ATFJ8NQ,8058
B00DCNBST4,8059
B0034F9K36,8060
B000QSDHPG,8061
B0014AX89K,8062
B004T7XJ44,8063
B001ET78BU,8064
B000VI1186,8065
B00IT69F62,8066
B008R56PVI,8067
B003UA5ECQ,8068
B000JLEZN8,8069
B000HLRP7S,8070
B006L6A10G,8071
B00CNOUZE2,8072
B00AYOHWQW,8073
B004IQIVL2,8074
B000BRSHXE,8075
B0094GGRTY,8076
B001QFDTWO,8077
B0036QQWAC,8078
B002O0D8P8,8079
B002RGRJC2,8080
B0091XPADY,8081
B000E0I5IK,8082
B003GC4GH2,8083
B003ZUZCDC,8084
B004OT29MA,8085
B00005A9WP,8086
B001J2ZXMI,8087
B00027DMSI,8088
B00H93NJLS,8089
B00BMW24TU,8090
B009ARXCYU,8091
B001IMSIYY,8092
B00C8YCFU4,8093
B0019JAQPA,8094
B0012J30PU,8095
B00H594L1S,8096
B00IIB82FS,8097
B002MJG5T2,8098
B0041R15AC,8099
B0026P3GVW,8100
B00HS68LNW,8101
B004MUG8V4,8102
B00FF5B31U,8103
B0002Z8HAI,8104
B0013OFRUK,8105
B004GIM68G,8106
B007RTR8TS,8107
B0073ANH14,8108
B000OYHN2K,8109
B000O5RVJO,8110
B005TI7NQW,8111
B000TDG2PU,8112
B004FMBU80,8113
B000GG1944,8114
B00IALDHDI,8115
B002G3K1TY,8116
B00006IV30,8117
B003O5NGJK,8118
B004W75SLI,8119
B002K6AHQY,8120
B0006LNMIU,8121
B00007M0CP,8122
B002TPQPEE,8123
B000FSG2Y0,8124
B001G0ML96,8125
B0042L07YM,8126
B002MVD29G,8127
B00L3K91OW,8128
B003S17772,8129
B00385WMI2,8130
B002M7FHFM,8131
B002RDBL7Y,8132
B00HVSQ4UE,8133
B0011DKKGY,8134
B002PBHQP4,8135
B001E25G0W,8136
B005PZ2PNK,8137
B00538EAAK,8138
B008JWW5K4,8139
B0013TM9UQ,8140
B000UPRSKA,8141
B0050QLDGY,8142
B002SYXHTC,8143
B001PNFFLK,8144
B003VMAL5I,8145
B001JQLNM8,8146
B00912CL5K,8147
B001LTVF7G,8148
B002787ACO,8149
B00GFBWWWC,8150
B001KYQ0G8,8151
B000U0F9GA,8152
B002UUT43W,8153
B000BX1Z00,8154
B00GYB17P6,8155
B0012K3RFM,8156
B000TAE0RK,8157
B00IXVY8HO,8158
B0002FCD5I,8159
B001ET7A4K,8160
B004WPGXSW,8161
B0049MA6RC,8162
B0002YFQ6W,8163
B0018S6MO6,8164
B005PYWS60,8165
B00187EX6G,8166
B004X1QY20,8167
B000NOLZDY,8168
B0016M52EU,8169
B00GTBZXTC,8170
B009JKDCEI,8171
B000NQ0EHU,8172
B005V1J9PK,8173
B000VBDWQC,8174
B00ISW92F6,8175
B0061YRVNS,8176
B00A0IWRU8,8177
B0046EBOFG,8178
B000BKLCDS,8179
B00604MSSC,8180
B0034KYDSS,8181
B002PE9I7U,8182
B000KFX10G,8183
B003VMXOXO,8184
B00EYZY68Y,8185
B007RTR89S,8186
B0096OBH4Y,8187
B00CFRBIC0,8188
B007O7AZ3O,8189
B0047PPCAW,8190
B00013TQRE,8191
B00KQVTX06,8192
B006UETRWC,8193
B009G0E9CK,8194
B006HT0AK8,8195
B004UL0GTK,8196
B000R99V5O,8197
B0086LC0H6,8198
B00449W12S,8199
B002MO780W,8200
B0018DAUKI,8201
B00ALV8EJM,8202
B009799H04,8203
B00GNAA2J0,8204
B001LBIX74,8205
B0021EY2O8,8206
B005SBCNHE,8207
B00I6R90Q4,8208
B003UTEE32,8209
B006K9OQSC,8210
B0013JSK7M,8211
B00A8DHHNC,8212
B001D3K6U2,8213
B005E0NDEG,8214
B00I49QTXG,8215
B000XSF1X0,8216
B009K2BEOK,8217
B0009EILKS,8218
B003EH20ZO,8219
B002RS6JPI,8220
B000P9DS4Q,8221
B00080DK86,8222
B0032B3RTK,8223
B000EEX7TI,8224
B000052WYL,8225
B009FKNGRA,8226
B006HKR6OK,8227
B00C67E3GW,8228
B009GEUPXI,8229
B006RFZ8NG,8230
B005OZQSQQ,8231
B0094C43FI,8232
B000629ZHG,8233
B003U4LI7W,8234
B0073P01RC,8235
B000JL7Z5S,8236
B004VFXVJW,8237
B00838FLXW,8238
B002L6O1R4,8239
B000WE1PP8,8240
B00014DU6G,8241
B00021B95W,8242
B00F5KDVDS,8243
B000056W74,8244
B001ET7IQK,8245
B001NYMTOC,8246
B009G0E59M,8247
B0038T17WK,8248
B002BWPXH0,8249
B0049424FM,8250
B00AUFS3L8,8251
B008QFRPFY,8252
B002W2N1J6,8253
B007RTR8UM,8254
B00JX979CQ,8255
B005WTYEYW,8256
B00GW1HKHW,8257
B001H928HQ,8258
B0039XT498,8259
B009HVMVLY,8260
B002KMXO36,8261
B004GH99QO,8262
B00GTBZXA6,8263
B002QI1E9K,8264
B008VE6PJC,8265
B000E0K7NQ,8266
B0007CXX82,8267
B004B9C8MO,8268
B004Y9M81W,8269
B000052WYD,8270
B001KYU1H2,8271
B001KYRWP6,8272
B0075J4TDI,8273
B004LEFDJE,8274
B0032Z1WPC,8275
B0053ZA1ME,8276
B008U97YNY,8277
B002LC9OES,8278
B00GJG9JBA,8279
B00153Z3I0,8280
B004IQA3TU,8281
B001LF4G4E,8282
B005HO0A18,8283
B00GLS5938,8284
B000EGK528,8285
B009GEUOZ2,8286
B001GEEQ90,8287
B006WVCF40,8288
B0038ZKJEQ,8289
B00385WMJ6,8290
B00KTLBEEQ,8291
B004YWS430,8292
B003OELYFO,8293
B001FB5IDW,8294
B00DG7YJQA,8295
B000NNDNYY,8296
B004B3YC9M,8297
B000PI4J3G,8298
B008CEDY5O,8299
B00AE078TM,8300
B00AO4EL34,8301
B003OGZC2S,8302
B007ZR2RIE,8303
B002JPJ2ZS,8304
B00161FCAA,8305
B0007W1R58,8306
B000O3OZD6,8307
B00GTC0DFK,8308
B00683MOWK,8309
B0048KSGZO,8310
B000H3I3Y0,8311
B0068Z7MT8,8312
B007E62538,8313
B003EUP3O6,8314
B00KCFAZTE,8315
B00164FKWW,8316
B005TI2A74,8317
B001ABLKK2,8318
B0033EUIO8,8319
B002LE54P4,8320
B00428EJXU,8321
B00168538E,8322
B004J6WCBQ,8323
B0037LKIAG,8324
B0002716FO,8325
B001O08CQY,8326
B00021DG80,8327
B000YJ2SKM,8328
B0014UAHQW,8329
B00170E81O,8330
B00ENFS6IG,8331
B001ECQ55M,8332
B00A9MKPT0,8333
B0047HGD4E,8334
B00GXBEV0A,8335
B001DO9VE8,8336
B001ET78QK,8337
B000PLUZL8,8338
B004WC2H8A,8339
B000HJ4IPW,8340
B000M4AAWW,8341
B004BCT860,8342
B007ML0OY2,8343
B009WLX9NS,8344
B004CDQ73K,8345
B003P7VX24,8346
B000NWGCZ2,8347
B00GTBZNP6,8348
B001H54VJI,8349
B000Q7UKC0,8350
B004H53CY0,8351
B000VOJ9BG,8352
B000XE6336,8353
B00AE07FXQ,8354
B000F4D0LW,8355
B001CJMLHS,8356
B001MS7GY2,8357
B002RTIS24,8358
B003H2MR2W,8359
B004DIUWAI,8360
B0057WJ264,8361
B0047ELRO8,8362
B006L5XS8E,8363
B0030H0MK8,8364
B006Z9UPQO,8365
B008MP481M,8366
B009JKJMTW,8367
B0018QQZMW,8368
B002MZ8BK2,8369
B0012K1R3G,8370
B004DK46XK,8371
B000ODNSR0,8372
B001EM1BBK,8373
B0020VJTDG,8374
B0039NMCPG,8375
B00013YYS0,8376
B002YR2D5W,8377
B00FLRHYCE,8378
B004DBUAGG,8379
B00ALB397Y,8380
B0011294I0,8381
B000HGMVH2,8382
B00ANL6RDU,8383
B001E96NYS,8384
B00CDAQCAW,8385
B003FTXLZY,8386
B007TL60IE,8387
B007JT7AEY,8388
B00AE07B9O,8389
B0048O2R1E,8390
B002UU9Q6W,8391
B003I3B3YI,8392
B002QFGKUQ,8393
B00B4YVU4G,8394
B0019QL0OY,8395
B0001TJX2Q,8396
B001HTYJLO,8397
B000CNTT9I,8398
B00A6O1BF8,8399
B004B0U57S,8400
B001L413AU,8401
B002T5IN5I,8402
B0046D754G,8403
B003ONJH8Q,8404
B0057NE7NQ,8405
B0033AYPXC,8406
B007ROL0Y2,8407
B00C2AYH3W,8408
B003ZS4WJY,8409
B004INQ65S,8410
B006GQTZ8A,8411
B0069SC0OQ,8412
B001T8QIIA,8413
B000052WYN,8414
B00K4FD59E,8415
B004IUN7JO,8416
B00GCQMSVA,8417
B0011MJSD6,8418
B003AVNLP2,8419
B001QTW2FK,8420
B00HADEHUO,8421
B00KPKIV8I,8422
B003JA5OJA,8423
B000HEIRRM,8424
B006T8BWRC,8425
B003WN1ELQ,8426
B00G9TCKR2,8427
B008YRZA24,8428
B0018BT9ZM,8429
B004TSFB1M,8430
B00C25L2VW,8431
B001TMXAR8,8432
B0000536P4,8433
B0006FMK98,8434
B004X8HB7A,8435
B00AV1IJME,8436
B0047F71SS,8437
B00178VX50,8438
B004BYSOYK,8439
B000OV3ZDO,8440
B003YM5RA4,8441
B0027A7CLG,8442
B003X9E236,8443
B00CEK81YQ,8444
B000VUYHSU,8445
B000VDAFHE,8446
B00005NAOD,8447
B00411B4CC,8448
B00A0IWRRG,8449
B005HKST1U,8450
B0061YLQGQ,8451
B00021DTEG,8452
B001KYQ3DS,8453
B00L3LBUGI,8454
B000TBXWNW,8455
B003QA8XFK,8456
B001MP7HYY,8457
B003VGMOR2,8458
B001BAROMK,8459
B004D267RG,8460
B00122CP30,8461
B003E3IOPS,8462
B00AO4EKSU,8463
B0001EL658,8464
B00BEGEQKE,8465
B0012BNVE8,8466
B003FBI9LS,8467
B000XU49MW,8468
B001KYW7KQ,8469
B004LUZ956,8470
B006K3ONSQ,8471
B005F2AD3W,8472
B0009V2S8M,8473
B0074OLDLK,8474
B00GTC0IY6,8475
B00GRBVM0S,8476
B000SSNSAS,8477
B000U0CAYY,8478
B00AWLBAE2,8479
B00DD94A4W,8480
B006PIOSZ4,8481
B00AB4W2H4,8482
B001E0VBDK,8483
B00BEWW7AO,8484
B001CPM03C,8485
B001V9OWNU,8486
B002XWZH6A,8487
B0053TDRQM,8488
B000YZLP4Q,8489
B003YJ6I78,8490
B0089JVEPO,8491
B00F4VWXO6,8492
B001H270RQ,8493
B001GIOW36,8494
B000DIN3A8,8495
B00GUC7XAW,8496
B007M819DU,8497
B006RFZ81S,8498
B00GAXJLRE,8499
B00194Q7BC,8500
B003HG4VLS,8501
B006XJ0Y0I,8502
B002HSWFWY,8503
B003UNP20W,8504
B00AMYORHQ,8505
B004Y9GTOO,8506
B007RTR8UC,8507
B000URVDJU,8508
B0000632EE,8509
B005FK3M46,8510
B0045JAPYI,8511
B001ET77NY,8512
B001K7IITC,8513
B0045S0HXI,8514
B002TSA948,8515
B0013643IA,8516
B003XKW8RM,8517
B004ISU5V4,8518
B000BZB1FC,8519
B004INUY06,8520
B008PEXV3Q,8521
B004NMF63W,8522
B0011DUE9C,8523
B000052ZB2,8524
B002PR2GLM,8525
B003EN4T2U,8526
B000NPWQU4,8527
B001ILMGDO,8528
B006UETAB0,8529
B00GLE8SNK,8530
B001E23YV0,8531
B006U98T08,8532
B001E6G6RU,8533
B0046VGPHQ,8534
B00BKH9HRE,8535
B004D267JO,8536
B00AHF1GK6,8537
B005GQ6HUK,8538
B000KEOQR4,8539
B00027DDOQ,8540
B003BMNE4I,8541
B0020122ZS,8542
B000EEZAXO,8543
B001TP2WCE,8544
B000U2AQNY,8545
B004Z40048,8546
B0002YLY9K,8547
B0017U10SI,8548
B006GQCMJO,8549
B000JKPDQ2,8550
B0009OAIKY,8551
B003TNQG4E,8552
B004D24818,8553
B00479DRFA,8554
B00008ZPG9,8555
B008O4YM4Y,8556
B000FZDPWU,8557
B004W0OE0G,8558
B0095BWHV0,8559
B00HSNWZFU,8560
B008HGI8AI,8561
B0039UTTC8,8562
B000Q2RP7I,8563
B00021W26M,8564
B0006GZCVK,8565
B001DNZJW2,8566
B00J9E8MPS,8567
B008TBTA6C,8568
B0067H6JCI,8569
B003NXM9HS,8570
B003VMU63K,8571
B0006HRCL2,8572
B00GTBZHUW,8573
B000PB26Q0,8574
B003BMJGL8,8575
B00G2TQNZ4,8576
B00CXDVRU4,8577
B0095BWH5Q,8578
B004C4O2QS,8579
B000PR4F9K,8580
B0009DT39W,8581
B003Z4OD24,8582
B00HSNWXVQ,8583
B001U0ONNY,8584
B0033PSM6S,8585
B000WBBHXG,8586
B001QXKDRA,8587
B000BU7G1A,8588
B005EII0QO,8589
B001BODO2A,8590
B003TU4CB6,8591
B001CE6T76,8592
B0034F9KEU,8593
B001B488WG,8594
B0013UAPVK,8595
B003X3S26U,8596
B00GTC1HCI,8597
B0034KYDQ0,8598
B0055B08GA,8599
B00ISW92FG,8600
B001PNO6KG,8601
B004UVRYQS,8602
B003I6MLN2,8603
B003COAFPQ,8604
B0086LC49K,8605
B00FXW4GFU,8606
B00A0J09C0,8607
B005TI7L6O,8608
B000NIY7QM,8609
B001G7PNU8,8610
B00G36TJKW,8611
B007TLJP2W,8612
B000GHYSVE,8613
B001DI776S,8614
B001TI8XBU,8615
B000XE67WI,8616
B009YXC3LS,8617
B00127U7QM,8618
B0027UUDFS,8619
B000BKXGXW,8620
B000OFB5QO,8621
B001MW1MKM,8622
B001MP0T2Q,8623
B007RTR8T8,8624
B001OVQSJG,8625
B00EHMN8JM,8626
B000XSBTM2,8627
B005TT8TPU,8628
B000YHLOC2,8629
B000IEL5FC,8630
B00GTC03AU,8631
B0018QO5CO,8632
B000143AY8,8633
B00264NW7G,8634
B000OQ6YTG,8635
B005Z6K2T8,8636
B004VCH51A,8637
B004C1VIPY,8638
B006YFRE90,8639
B00H345TXO,8640
B002L6PXNA,8641
B00BB8ZIW0,8642
B003ODETES,8643
B0084A5N0A,8644
B0028BKV4E,8645
B00547H5U2,8646
B00HJCC9BA,8647
B008VSA58K,8648
B0019TYZ66,8649
B004SP12LE,8650
B002ON11RW,8651
B0009F3OS6,8652
B00021AM9G,8653
B008VHGW7Y,8654
B002ULA2VE,8655
B004367X70,8656
B0009V1YR8,8657
B0086LC0L2,8658
B005H1541C,8659
B001FWXI5G,8660
B000VUO8VG,8661
B0002YE8V6,8662
B000C1Z6GU,8663
B005GHP5UC,8664
B005EFYXLI,8665
B00ANTO6YO,8666
B0020YLEYK,8667
B004ULUVU4,8668
B000ORV3NC,8669
B0019Z8HT6,8670
B001R2S8HM,8671
B005OZDYCW,8672
B00420M64W,8673
B005QDL1K4,8674
B000VUKQ8K,8675
B005C3ZYWE,8676
B004BUDK6G,8677
B001KYRMBU,8678
B008X2133K,8679
B002QY86BI,8680
B005BG02BU,8681
B000NSTX20,8682
B002GCKVJA,8683
B00028OC4K,8684
B003V21WO2,8685
B007RVHDAK,8686
B0053YJZKY,8687
B002VECKKG,8688
B005XIDZHO,8689
B005D2SFAC,8690
B000NJJFBI,8691
B001KYQA1S,8692
B001FWXJ4G,8693
B00EL1HZ34,8694
B00D9NV20C,8695
B0083JDFY8,8696
B000AA5VZ4,8697
B00120U5D4,8698
B000052YJM,8699
B00IROPDPS,8700
B00GTC0E1I,8701
B000VRTE9A,8702
B00CBD0M8Y,8703
B00FU574H2,8704
B0034KYDRE,8705
B0060ALFW6,8706
B007JT7AGC,8707
B0028K3J9O,8708
B001B1T2SS,8709
B00871KNMY,8710
B00H5V3T2I,8711
B000FQUGXA,8712
B003AKHQG8,8713
B0002KS5VE,8714
B004X8KOEC,8715
B000TBW0NA,8716
B004KU9PN4,8717
B003Z4UKGM,8718
B00H0LVCVI,8719
B0027U1D5W,8720
B001U9M2EW,8721
B000NYL3NQ,8722
B00GUTLC0C,8723
B001DJ9JJU,8724
B00KAL5JAU,8725
B002RTVQNW,8726
B00AE07BC6,8727
B00AZSNW3E,8728
B000KONYPY,8729
B003RD1MV8,8730
B006X1KROY,8731
B000Q97ZS0,8732
B00AREI3BC,8733
B000P1S0N8,8734
B00GJ7WV8M,8735
B004GJCN8I,8736
B001CMT83A,8737
B005Z41P28,8738
B0000UTUVU,8739
B00BCHGD6K,8740
B00HM6IV6K,8741
B000094Q6C,8742
B003UJHSUI,8743
B000F0QCWA,8744
B003VMZTCI,8745
B000PHZ26K,8746
B004675EI6,8747
B00380DF3S,8748
B0057RIM5G,8749
B00J4JWLJG,8750
B00373FPG6,8751
B002PBJIPK,8752
B00099E8ZA,8753
B00A73BVP8,8754
B004CQXYYC,8755
B002NGMEVC,8756
B001I6U028,8757
B000C1VVF0,8758
B007MF8846,8759
B00A51LI1O,8760
B00G3HM9ZI,8761
B000URKWQU,8762
B0011EO7WQ,8763
B001394VAW,8764
B000FBNYRU,8765
B000UPOBRI,8766
B009YSYNIY,8767
B004M7L1XW,8768
B000ZV3VJ6,8769
B00IS6XPQY,8770
B00A6OR7N8,8771
B001GGX0EK,8772
B001WW8NFY,8773
B0019IC2N0,8774
B003PF406M,8775
B004EWS5F2,8776
B003CGYUH8,8777
B001C2WQNY,8778
B00CG2X0F2,8779
B007FAOUOA,8780
B001KYNW2I,8781
B005HJTTM4,8782
B00AQ8NIC8,8783
B00188IFHS,8784
B003ZS6OJK,8785
B0016BHMKS,8786
B006T8BWUE,8787
B00FRDPRQ2,8788
B003156OJM,8789
B0038B9ALI,8790
B00778LPAW,8791
B005OZEFKM,8792
B000I5MJ8S,8793
B001QT3GOQ,8794
B004D247SC,8795
B001NG0TXI,8796
B00B7N7CTQ,8797
B00008MOQE,8798
B002N5MKMG,8799
B00GXZS7AG,8800
B00CBYAP0S,8801
B00B0ZQWH4,8802
B005C5FP9Y,8803
B008DLT9H8,8804
B000QE5GU4,8805
B0010XUU9M,8806
B000UWDF0A,8807
B002WTC37U,8808
B00DJQQEGQ,8809
B002DPUY56,8810
B005I2MP62,8811
B003TPTGDK,8812
B009RNUH8G,8813
B002IDPHBE,8814
B000TZJVBK,8815
B00FEMQUKS,8816
B0036BI56G,8817
B00BVKL08E,8818
B003156NMU,8819
B004W5RCNM,8820
B002LIXTFC,8821
B001B7GJ2E,8822
B0007IQMVG,8823
B00021C1LI,8824
B001GIOV82,8825
B005EHID3U,8826
B000142ZFS,8827
B003VN00YY,8828
B004NYSL9Q,8829
B001BALMCS,8830
B004Q8PE1C,8831
B00FRDPSE8,8832
B002B4JP90,8833
B001D3O0XQ,8834
B0044TIOYW,8835
B007ISRNJS,8836
B00243FOGG,8837
B000HGFGKG,8838
B001FSK8QM,8839
B000PT951G,8840
B006QO4BRM,8841
B000YG82HI,8842
B00EA4MHN0,8843
B00HNKRWII,8844
B000MS5M9O,8845
B00644YNCM,8846
B000TW2JQC,8847
B001VD8DDG,8848
B002H5G1OK,8849
B0006Q0HEC,8850
B006SVCY6I,8851
B003YCH1G2,8852
B002BAOMAG,8853
B000ZMBSPE,8854
B000RRKCVS,8855
B001I2DL00,8856
B000GDDKIU,8857
B001DJ2USM,8858
B002QBBMVM,8859
B00AGZEG4U,8860
B000LXTNMW,8861
B001ET734C,8862
B007RTR9FQ,8863
B00CDYKRU4,8864
B007EHWDTS,8865
B002GDIKK6,8866
B00B99O5WK,8867
B003GDK6F2,8868
B005EIIAPA,8869
B009GEUPDS,8870
B0020MMCZW,8871
B00ITAANDW,8872
B0075GXW0W,8873
B0054MSBZA,8874
B0081E6X3U,8875
B000PY15I2,8876
B001189I3A,8877
B002DP19ZU,8878
B000PBQ7LK,8879
B008RUTQ3C,8880
B00GTBZHCA,8881
B002WTC37A,8882
B003HFSZ3Y,8883
B009LOJ5MA,8884
B0045WBFAI,8885
B003XUROEY,8886
B00GTBZOVE,8887
B00107BB82,8888
B0034KYDTM,8889
B006YC3UP0,8890
B001E15III,8891
B007DGRT3K,8892
B006UETDGC,8893
B00120XR0M,8894
B0016A8DT8,8895
B000B45BUE,8896
B0018MIT70,8897
B00AN5L8IU,8898
B00CHMWAY8,8899
B004DK0UDA,8900
B005W56A5M,8901
B0000530LP,8902
B000W96VLQ,8903
B00L0C529Q,8904
B002AER2FU,8905
B003JA3KSW,8906
B0076HP5YG,8907
B007RT19V6,8908
B00014GT78,8909
B005GDAZCE,8910
B004DBXKWW,8911
B002LJUD7S,8912
B00B0GOSNI,8913
B008K1YYM6,8914
B00GLS5DVQ,8915
B001U8L104,8916
B003I6O5RC,8917
B00JPK2K0Y,8918
B004BCVEAS,8919
B00GBQSS56,8920
B00021DE14,8921
B000KQ1E5Y,8922
B00JJVG6HC,8923
B000X1YING,8924
B0019IVEEI,8925
B0030HAE2Y,8926
B003V808ZA,8927
B00GYB17XI,8928
B00EA5B2VW,8929
B00CJ0TZ1E,8930
B001A38Q52,8931
B003RSY1NE,8932
B0018X1WLY,8933
B00BB5YHFC,8934
B000ACB09I,8935
B004Z67NSM,8936
B002PBLH3Q,8937
B002QF4UYY,8938
B003TNVSTW,8939
B005HIH67A,8940
B001EWET96,8941
B00GJG9JCY,8942
B0019N6RFO,8943
B001P5WZE8,8944
B004K0HELY,8945
B004QLOFTG,8946
B001Q854GK,8947
B0072XT8BA,8948
B002HEW7Z8,8949
B004799QZA,8950
B000WYZ9Q4,8951
B00AVP37G8,8952
B007WI3LEA,8953
B00AE07BI0,8954
B001410OG4,8955
B000M8BE3C,8956
B009HULKLW,8957
B0086LC0WG,8958
B004Y9GV60,8959
B004Y9L926,8960
B0058L24O6,8961
B007O7AZBG,8962
B0018V1DWE,8963
B0047ENQFQ,8964
B0002A65LQ,8965
B00GDLML02,8966
B004X1QECA,8967
B001KYRVSO,8968
B002S8RWYY,8969
B004UDQ6GK,8970
B0002Z8SZW,8971
B00387F42Q,8972
B001FOFI0W,8973
B000FVEKUU,8974
B00397SNMS,8975
B000TNQVPG,8976
B00H0CVFGO,8977
B000EBZ7XK,8978
B001PRJ9XQ,8979
B008HZ5GUY,8980
B003VMZHKM,8981
B00JQP1SP6,8982
B004LV82JU,8983
B005GMY8DC,8984
B005KJ353U,8985
B003GDKMVK,8986
B002XHJI9W,8987
B002TPO0W8,8988
B001BAFQOS,8989
B001F51T3Q,8990
B00IT1HKV4,8991
B00G052NFE,8992
B003OGSX4M,8993
B0084HCIHY,8994
B002OU7V42,8995
B001ET7892,8996
B000052XZX,8997
B000VPPUEA,8998
B00ATWDTIE,8999
B00B33Y2JI,9000
B002PMLGOU,9001
B002QFGQAK,9002
B00ATDTZ0Y,9003
B000KQ9TME,9004
B000OFNDOQ,9005
B000Z61PEY,9006
B004DK4CH0,9007
B0000534VO,9008
B002S8TOYU,9009
B00128WK4I,9010
B007S2CJY8,9011
B000VEMWB0,9012
B00D7MZ224,9013
B000W3QDJ2,9014
B004BCVALG,9015
B000ZLVUYO,9016
B0009XH6TG,9017
B0081E6YRK,9018
B0057UR38A,9019
B001MIZMN4,9020
B002DP1A18,9021
B001841FKQ,9022
B001P92FMG,9023
B008GOR6O0,9024
B002ZTV9SG,9025
B009WLX83Y,9026
B007IAE5WY,9027
B000U01WJ8,9028
B001DKGJQU,9029
B001D0IWEC,9030
B00JTY6WQ4,9031
B000UWH3SU,9032
B000XY9LT4,9033
B002U8L18K,9034
B008LC4IU2,9035
B002HEW7X0,9036
B003CTU5MO,9037
B0007WL21M,9038
B001P1ZELS,9039
B00641UCY8,9040
B003M57E9A,9041
B001MIZMLG,9042
B000REO5JQ,9043
B001ET788I,9044
B002UL10HY,9045
B000052YQ2,9046
B000052YJH,9047
B00AE07CT8,9048
B00E96XELS,9049
B001FB5IMI,9050
B000BB9L0S,9051
B006RFZ98K,9052
B00A20OQYE,9053
B003UH0528,9054
B0030HKJ8I,9055
B005FJQQMC,9056
B005OZFV50,9057
B00FPROWWU,9058
B00ARCQHBC,9059
B001GNBVRQ,9060
B000VTVD6A,9061
B004530AB2,9062
B00HSNWZKU,9063
B000FCTITM,9064
B00016X68Q,9065
B005V1A05S,9066
B001CXD1AA,9067
B00CHJDSUG,9068
B004L8J15C,9069
B004DBUAKM,9070
B008U5JB3Y,9071
B00AACBZMU,9072
B0054GBXOW,9073
B000ILKUZ6,9074
B0033H00ZW,9075
B004RS87RY,9076
B000YZJMHS,9077
B001E5EDJY,9078
B0009OAHIW,9079
B004CR3D4W,9080
B000RUJJAU,9081
B007JT7ARQ,9082
B001ECQ4OY,9083
B0047F70B6,9084
B0038TVHGG,9085
B00KTLBDYM,9086
B00115TXRE,9087
B0006O2IQ4,9088
B000VON818,9089
B008B7QY0E,9090
B00GAS8616,9091
B000F8JUJY,9092
B007L86026,9093
B005E3LWDM,9094
B0032DHP6O,9095
B005FPWORC,9096
B008A3WGTM,9097
B00F4TQ49I,9098
B00GTC1HB4,9099
B005SHR4LS,9100
B0036QFZ46,9101
B0067F28ZW,9102
B00B7MUJR4,9103
B002CL840S,9104
B004B8T8CS,9105
B005EM5DT2,9106
B001118AYU,9107
B008V9JG02,9108
B009LUS2GY,9109
B00AFBSIPI,9110
B0009VD8YU,9111
B0061YSLKA,9112
B00021DVCQ,9113
B002QA1VDW,9114
B008JVZMDM,9115
B008AI211A,9116
B004R3TBEC,9117
B001E96N48,9118
B001T8MN16,9119
B001Q88FO8,9120
B006L6AA8Y,9121
B004TSFE6Y,9122
B005MG86TY,9123
B007RTR9DS,9124
B004BCVD4A,9125
B0076L73BK,9126
B005EYSKQS,9127
B00ELNDKUY,9128
B00DJKU1Y8,9129
B007152I9S,9130
B0031NK6J8,9131
B0061KQF2K,9132
B008AGWMEI,9133
B00CGN9LQ8,9134
B000HRXCRE,9135
B005DU5MY6,9136
B000F37UNM,9137
B00K83VT5Y,9138
B007PAD71M,9139
B00H8C82IU,9140
B004CZXNQ2,9141
B005FVSH0O,9142
B0017BGQR2,9143
B00A0J084Y,9144
B00EHWP67E,9145
B003VMOGSQ,9146
B00387F41M,9147
B0094ELMBY,9148
B0002WUHTU,9149
B009YVCSYM,9150
B000GCQV9G,9151
B00GLS58SO,9152
B005O30Q0M,9153
B00120IJSC,9154
B001QX7NTQ,9155
B0006GZBMA,9156
B00CO94DDK,9157
B004WDV2XA,9158
B003GCWJFS,9159
B006MRM2TC,9160
B00IU079YM,9161
B0057JCYYE,9162
B00AM7BSXO,9163
B00C7DYBX0,9164
B00BB8ZHIU,9165
B001BAM7HW,9166
B003O4H2L4,9167
B002CMLS50,9168
B005KJ35D0,9169
B00FYPL3N4,9170
B000EGSD1S,9171
B00GTBZ7HA,9172
B00JMJ6E5A,9173
B000Z65DZG,9174
B003A874R6,9175
B007ZRXYK4,9176
B003I4BCXE,9177
B000052YMQ,9178
B000C1Z6TC,9179
B000UPXU2A,9180
B0041OUGF0,9181
B008S3U39E,9182
B00AK4QS7A,9183
B001QD0OYM,9184
B008K0WMVW,9185
B000052YQN,9186
B003S516XO,9187
B006FRS9O6,9188
B0043OSKZG,9189
B000ALDK1A,9190
B0020MM8TW,9191
B004D268RA,9192
B006ZENPYS,9193
B00GQ9I9IO,9194
B004NFTGA8,9195
B005R3UYEW,9196
B00HM6JLNW,9197
B003V265QW,9198
B003ILUQPM,9199
B007USPWS0,9200
B00GTC03OG,9201
B000A409J8,9202
B0041QVYS6,9203
B008CT12G2,9204
B00DH0TRYA,9205
B00113HO90,9206
B00CTKKE7I,9207
B004PANDIC,9208
B001S261Q6,9209
B003OBE530,9210
B0002Z8SE8,9211
B001DQEGPA,9212
B005TI7NPI,9213
B006GQPZ8E,9214
B004SSFE8S,9215
B005356O34,9216
B007L0CBZO,9217
B004ZZXPEY,9218
B0009FHJRS,9219
B004BCT93C,9220
B001BLRYMO,9221
B005OZF1S2,9222
B0094C5C3A,9223
B00006598X,9224
B002QFMY42,9225
B0006Q3O3S,9226
B00C1006ZG,9227
B0000531WZ,9228
B009G0E90M,9229
B006ZBP8NM,9230
B0095BWFTY,9231
B0049J7P3S,9232
B001C53IBU,9233
B0030HMQTS,9234
B00011QTZI,9235
B006T8BWOA,9236
B0030ZRQQ8,9237
B003A870SE,9238
B004W4P7AI,9239
B00GLS55DC,9240
B008AMKZUU,9241
B001CY87TE,9242
B002SICH1C,9243
B000LUX3VC,9244
B0056GDG90,9245
B002BS43HU,9246
B0090ELFRO,9247
B00392FQSM,9248
B00AZYF90C,9249
B0090ELFQK,9250
B004MBJKRC,9251
B004YBW5T0,9252
B000N8DMIQ,9253
B004IZJ2QG,9254
B002WTC384,9255
B001KYS1YM,9256
B0027Z2720,9257
B002HK2GWG,9258
B007K449CE,9259
B00JQ2UXOQ,9260
B0033Z0KDG,9261
B001BR97A0,9262
B000ZV0D9W,9263
B001D3Q124,9264
B00373DIYM,9265
B001FS0HAY,9266
B001E96MZ8,9267
B0000533CC,9268
B009IRON0O,9269
B00015GWQU,9270
B005N2ZLHW,9271
B005F4BH8A,9272
B0009STDD8,9273
B000EVIVR4,9274
B00132ZG3U,9275
B005CE21YW,9276
B008X20V6A,9277
B00HM8PWEM,9278
B004ZD2LIW,9279
B004S6BXLW,9280
B0092MCMM6,9281
B002LA53V8,9282
B00C61F1C8,9283
B00AE07FUE,9284
B003JFBXMM,9285
B001FB5IQO,9286
B000177FXW,9287
B004X1P91C,9288
B006CD6616,9289
B000050B6U,9290
B000V33OGS,9291
B000052YJX,9292
B003QSMID0,9293
B00GTC1KZ2,9294
B00113HNB4,9295
B005KT4T44,9296
B0015C0RIC,9297
B00D76IRXQ,9298
B00EYGFFBU,9299
B00FZ1CGME,9300
B0002G21GI,9301
B000AADEP8,9302
B00KXG8JF4,9303
B000YZGOZQ,9304
B000P9B3R0,9305
B007RTR9G0,9306
B0058CJUWO,9307
B000S01TBG,9308
B006L16BHS,9309
B007PG783Y,9310
B0095BWGIE,9311
B004600K00,9312
B003J48F3I,9313
B003I5ZMDY,9314
B002ZTT9II,9315
B00AXRBAEA,9316
B00JF3RYPM,9317
B00AE07H0M,9318
B009U9990E,9319
B000NSQI4Q,9320
B00GYB1AQM,9321
B00CJIOG0Q,9322
B001ECQ5IE,9323
B0027CT5VO,9324
B0063TFLG0,9325
B001JKTTVQ,9326
B00H41LTL2,9327
B000H3EO34,9328
B00IH49VBU,9329
B000QB77NQ,9330
B003RCZSJ6,9331
B0010A9RYO,9332
B001F51TR2,9333
B001AD0HL8,9334
B0009ET5JE,9335
B0007XFB2W,9336
B00KQ4PEBU,9337
B005OKPZR4,9338
B00015XAQ0,9339
B004WPHE3K,9340
B00006JT6O,9341
B006GQG9GQ,9342
B00163JVJQ,9343
B00AH4THVM,9344
B0088D9R5K,9345
B000RL0OYE,9346
B000EIWKO2,9347
B00BTFKGNG,9348
B00HNKRYP4,9349
B0009OAGSI,9350
B00181WCN8,9351
B002WJOOIQ,9352
B0001433VI,9353
B003VMZYSC,9354
B0017HOMWM,9355
B00HNKRWI8,9356
B006L1DNWY,9357
B0032H2FWO,9358
B004TSF95U,9359
B000GCW1P4,9360
B004Q8GYES,9361
B000UEAARO,9362
B009GYVMAS,9363
B0009ML5M6,9364
B001D9U07A,9365
B00028OPZ6,9366
B00ID8H4OG,9367
B001FB5IN2,9368
B0018CQKXK,9369
B0053PTTU4,9370
B00BPJ139C,9371
B000V5BXNM,9372
B001GNBW0W,9373
B00BPV3MH6,9374
B001EJOPXE,9375
B006Z43V38,9376
B002BWOXXK,9377
B009JXI3E4,9378
B009CA7T4O,9379
B0009J6ER0,9380
B001P1ZEMC,9381
B004I79FLG,9382
B005TTSDYW,9383
B002UL10HO,9384
B00H2B2RLK,9385
B002FGKPWK,9386
B002DMK0LW,9387
B0035LCW0M,9388
B000X20Y4C,9389
B001MIZBNA,9390
B00A0IWT9C,9391
B0050QJ0S2,9392
B00AWLB9EI,9393
B00F5KDWYQ,9394
B000GS8T0Y,9395
B001U0OQL8,9396
B008U5XS2O,9397
B001ET79H8,9398
B00HD7SCLM,9399
B001OKB4OQ,9400
B0040H00PE,9401
B004XJNQXW,9402
B003XQ4K9U,9403
B004FEKA3E,9404
B004AJ1MN6,9405
B006IBM21K,9406
B00CP0R5LK,9407
B00A0IWRUI,9408
B002CSOYIC,9409
B000KVH1QU,9410
B000PW7K38,9411
B00K1GQW5K,9412
B002PBAJ4Y,9413
B0020MMD0G,9414
B0013QOIGC,9415
B003YTMG5Q,9416
B001S4C91K,9417
B00H7NKNE6,9418
B004DHYZU2,9419
B00027D6SE,9420
B00IDWP4IA,9421
B001E8ISJW,9422
B00KTAJAIY,9423
B002C1JEPM,9424
B004OHQR1Q,9425
B000Q8PV96,9426
B004510MT4,9427
B0060HOOA4,9428
B000MI85FC,9429
B009OY8GK4,9430
B00008CMOR,9431
B000248HLI,9432
B00021DJ32,9433
B002K8W58K,9434
B0050GPSW4,9435
B004VSN3ME,9436
B001CT0954,9437
B00067YSLO,9438
B0038U4U3M,9439
B00373FE76,9440
B000EBAHHG,9441
B0009XH6SC,9442
B000I0ZDRW,9443
B007BJ3KQ4,9444
B0094KPK70,9445
B003V7KWB6,9446
B00ENFS6Q8,9447
B000CPIMNA,9448
B002GOXELA,9449
B0056KD6N2,9450
B0027CH02A,9451
B0012XO2W6,9452
B003P904EA,9453
B005ALWE1M,9454
B003PL2D6A,9455
B000P8559S,9456
B003JA3KQE,9457
B000U52T9K,9458
B00KK62714,9459
B00021DDYW,9460
B0038TYTI4,9461
B003EBNLIA,9462
B000URYTOQ,9463
B0041P4XTE,9464
B000NGH3X8,9465
B000TTPZQ6,9466
B004WPWOS0,9467
B008KYKTFO,9468
B00199YUBG,9469
B001V3TVEQ,9470
B000OO7546,9471
B000NWDSAE,9472
B00GM6H9BO,9473
B00ANJQ8RC,9474
B006BA3BAY,9475
B006OZF4KG,9476
B0009OAHWI,9477
B0013B2H4W,9478
B000KPO99I,9479
B001D0IWDS,9480
B001RIRIKE,9481
B000NE6QP6,9482
B000UGVVHK,9483
B00CELI1K4,9484
B001T8QJM0,9485
B004GNMP0U,9486
B0061YRVMO,9487
B00CP4QKT4,9488
B00DD96JVY,9489
B00766SGE8,9490
B000R87B1Q,9491
B005TI7LD2,9492
B009WI3RZQ,9493
B0061KQG6K,9494
B00KH6F6TM,9495
B006Y8N6NK,9496
B003POFQ7K,9497
B005UKZAJG,9498
B00027DDEQ,9499
B00BX7DGIC,9500
B000XFWO10,9501
B001GTK9SC,9502
B00J4SCZFM,9503
B0053P6UTC,9504
B001EUS8G8,9505
B00I2495QG,9506
B00479FP4Q,9507
B0011ULXB8,9508
B000R8U1XQ,9509
B000Z91JAQ,9510
B001A43ELC,9511
B005V2LLXC,9512
B00016WW8Q,9513
B0060A2QXI,9514
B001TOSNSC,9515
B000KNHJ5G,9516
B0002JG2NI,9517
B00761YIQ8,9518
B00AEM0YH8,9519
B004N7DQHA,9520
B005EVOLI2,9521
B00DDD3OB8,9522
B002TSA90M,9523
B000UVWGGA,9524
B0012UEJ1S,9525
B004DIUWY4,9526
B008X9KKSM,9527
B0000536P3,9528
B0084PXVX6,9529
B000PY17PI,9530
B002D4JABQ,9531
B0090UJFYI,9532
B005UBN3NU,9533
B003N4ST94,9534
B00GTC1JVM,9535
B002LVJBPG,9536
B004INUWX0,9537
B00IZQ66V8,9538
B00FRDPNA2,9539
B00112BUBO,9540
B0009ET5O4,9541
B00GP2N66W,9542
B003DKO7RG,9543
B004JLEGTC,9544
B001C6H6F8,9545
B002VLZHLI,9546
B007Q22HMY,9547
B000C1Z4YY,9548
B002Z7EOOE,9549
B001MA7QFO,9550
B008SYWGW0,9551
B005XUFU8E,9552
B001LEYYJ2,9553
B00C0CVAY6,9554
B0037TM252,9555
B0073KABJ0,9556
B00127C83M,9557
B0009R33U8,9558
B001G3TGT6,9559
B003V264WW,9560
B005Z2X5JQ,9561
B003ZBL820,9562
B000GDF48Y,9563
B006FKLRIS,9564
B003EH20VI,9565
B00CRKHGUS,9566
B001R66FFA,9567
B002TLT388,9568
B002XHA5A8,9569
B004NZ3D66,9570
B000VEPHYY,9571
B0034BUQ42,9572
B0042WIHNY,9573
B00AHF1GTM,9574
B00CC7TBHM,9575
B0072XRJ20,9576
B00CKH38HI,9577
B008B2AULI,9578
B001EWET8W,9579
B000XFSUWW,9580
B000QE6U54,9581
B0007506U2,9582
B0071OF8CI,9583
B00KQBR9FM,9584
B006ZUNMLS,9585
B00005304H,9586
B005FFVATK,9587
B003JTF3VK,9588
B006H2Z58C,9589
B001ET76E4,9590
B0015YIHXC,9591
B004DIXYUI,9592
B001KYQ4HS,9593
B001CS6BIY,9594
B00006IV2F,9595
B007WFZ0XI,9596
B003LDRA6U,9597
B000ASDGK8,9598
B001ECQ5CA,9599
B000OYJ9AO,9600
B004DIXYWG,9601
B002FQKKBQ,9602
B00GLS519U,9603
B002OSWW3O,9604
B002QGO5YS,9605
B005FHOT6O,9606
B000052XZP,9607
B00385WMIC,9608
B007JWZL3I,9609
B000YII6HM,9610
B004H4VQ4Y,9611
B000YJ2SLG,9612
B00BPDFQK0,9613
B000TKH6FI,9614
B00AYSXBPO,9615
B0043OYFKU,9616
B005UL6QDO,9617
B0019LWU2K,9618
B0009F3O8Q,9619
B00011QVHO,9620
B001CC1VV2,9621
B003QKH03Q,9622
B001S48HLG,9623
B002GP5XD6,9624
B00150LT40,9625
B00239YCXM,9626
B00006JN4F,9627
B002HWS7RM,9628
B006WVCCRA,9629
B000P20U6M,9630
B0000UTUW4,9631
B00AO4EMKQ,9632
B00AZOTTPS,9633
B00GAXJJYY,9634
B000PHRIQM,9635
B0012NVE2W,9636
B0002OMOIA,9637
B001B9RGVU,9638
B001E96NIE,9639
B008RTNSJQ,9640
B0068Y6CA4,9641
B00J5D8BY0,9642
B00021C49W,9643
B00FRDPRBW,9644
B00HZDYHGI,9645
B002C7EYUQ,9646
B000NNL7FG,9647
B002UJ31HS,9648
B004IZX4OM,9649
B00GYB1AUI,9650
B004KRVE22,9651
B0002FBOLW,9652
B0012JY4G4,9653
B002WUVOBA,9654
B00AYLYETS,9655
B003B9DWMA,9656
B00HSNWXZM,9657
B000VV1ZMU,9658
B004BCT950,9659
B00CYDSAO4,9660
B000980PGM,9661
B00EYZY5TY,9662
B0043OWJG2,9663
B002CL6DTM,9664
B0017PUPMK,9665
B00BRWA92Y,9666
B001E919LU,9667
B00BB9WBC4,9668
B001LF4I8I,9669
B005X2F7JY,9670
B004BYNLIO,9671
B00AY90J1C,9672
B005YB36O2,9673
B000SJ9G0I,9674
B004BCXEF6,9675
B00JL2TURM,9676
B0002CTSRM,9677
B009G0E19Q,9678
B00AEEIL0I,9679
B000H88QOM,9680
B007K449EC,9681
B002SWAFVM,9682
B0009QZXP2,9683
B000L9YYTS,9684
B0018C0HLQ,9685
B00126IXLO,9686
B00AYARK2C,9687
B004VYHMU2,9688
B0057VQ9R0,9689
B002QI1EKE,9690
B001P76O6G,9691
B005XP4YNQ,9692
B006H2Z5KK,9693
B004BIZBF6,9694
B005IUGRBI,9695
B00014D1OW,9696
B003UYZ9XQ,9697
B000052YM8,9698
B00069FJUG,9699
B000P6BRHY,9700
B006L2137A,9701
B003VMW2B4,9702
B002VAZINQ,9703
B0002DO1RS,9704
B000PQGYOU,9705
B00AN44OKA,9706
B007N16KOY,9707
B001N3FBZW,9708
B004HYLTTG,9709
B003OUBGHO,9710
B00KNIL36E,9711
B001DOA73C,9712
B00535OW6A,9713
B00EYZY6SY,9714
B001P24VHK,9715
B007NYB0DC,9716
B001I45ZFC,9717
B000TG850M,9718
B0009MHJS0,9719
B001P24STG,9720
B00387F42G,9721
B0094G3M6A,9722
B003ZYL2DW,9723
B0058GW8HE,9724
B001TAIFZM,9725
B003VMV7D8,9726
B007CDSFKU,9727
B000052YM7,9728
B004TSF8R4,9729
B002VA4FXU,9730
B005WTKB2Q,9731
B0028K3J7Q,9732
B003F2T0M4,9733
B000Y038CS,9734
B005J5T5VG,9735
B001T0HHDS,9736
B003Q332Y4,9737
B000VOHR88,9738
B004GT440S,9739
B008HBMVZ6,9740
B004X8K0UK,9741
B002ZNJU7Y,9742
B00D86VPHK,9743
B00397XUIK,9744
B00871KNHO,9745
B000R1RKVY,9746
B004TSFBNK,9747
B001GF7W0Y,9748
B005KSZKTI,9749
B003KZBI30,9750
B00117CH5M,9751
B007JSL1OU,9752
B00KNJOLSA,9753
B007GM1CBQ,9754
B001IAINFU,9755
B000Q7XDR4,9756
B005KBCBPG,9757
B008FZ562E,9758
B009GETW5U,9759
B002SV0XYW,9760
B004V6BIZU,9761
B00A6O1AP4,9762
B003OIPJZ6,9763
B001A3ML3K,9764
B006POOQ1E,9765
B0022PG9G0,9766
B00014FTTM,9767
B00IP42FBA,9768
B000TK99NU,9769
B006OZF24E,9770
B001E96OZ6,9771
B004T3K54U,9772
B000HGIQRG,9773
B002QANC2A,9774
B0019I83N8,9775
B0002JKPA4,9776
B001AN0UTC,9777
B005GSWUY0,9778
B000QUM5LG,9779
B000BH92J2,9780
B000273PEO,9781
B0000ZHH5G,9782
B002QI1F8A,9783
B00HSNWXYI,9784
B0011DQMHA,9785
B004Y9GTYE,9786
B000Q6V1UG,9787
B000ME2YWG,9788
B004NFYU8Q,9789
B001T8JLRK,9790
B00538TSMU,9791
B007RZDDO6,9792
B000S97MAY,9793
B00ARX9X6M,9794
B004XA81ZE,9795
B002WDIPR8,9796
B00BAZ7Y6M,9797
B00GTC1FFW,9798
B0002RI2PG,9799
B0045W22SW,9800
B000FGDIAS,9801
B0033WSTXM,9802
B003QUHWT8,9803
B00021DDR4,9804
B001T8S7T8,9805
B000SWY05Q,9806
B0037MQIT0,9807
B00IIBB7A0,9808
B008U5XRX4,9809
B0001TMDF0,9810
B0061YRVOC,9811
B0028CX8FW,9812
B001CJE0Y0,9813
B008B4FKLG,9814
B003B6JDZS,9815
B009SJ8Y2K,9816
B001OMI93S,9817
B005G9E98O,9818
B005C48WB8,9819
B002LB75AO,9820
B00GTC0DYQ,9821
B003FBG7UI,9822
B001Q8560Y,9823
B000C1Z1HE,9824
B002K8MK0I,9825
B000FH4T3M,9826
B007RTR9E2,9827
B005OZGDO8,9828
B00A9R0BXU,9829
B00008J2XQ,9830
B001C1LBG8,9831
B00GPWYF94,9832
B00A0IWRT4,9833
B007SG2QT2,9834
B004LP4CVS,9835
B00AE07CRA,9836
B0030HAF4G,9837
B002ULRAQE,9838
B004DP7DPI,9839
B006SQKIHU,9840
B005M1S68U,9841
B006OMHR1S,9842
B00178TVXG,9843
B00CM7YTO2,9844
B00IBS9QC6,9845
B00B1IV2A2,9846
B006GTKSHY,9847
B00F5KE8VM,9848
B00JRGQ09S,9849
B00882ZPTS,9850
B001BKFF76,9851
B001HKR6WM,9852
B004D8JQ4G,9853
B00B2CEHAO,9854
B004BYUQG4,9855
B00GMWMMOW,9856
B000O2O87U,9857
B003H83U36,9858
B00BBKYIAG,9859
B004LRO7DO,9860
B001PP1LG6,9861
B006RWW7VU,9862
B008BS9Z8G,9863
B00GTBZWPW,9864
B0002SGSNI,9865
B001VA8PWI,9866
B00325D0WK,9867
B0016ISD04,9868
B0048ICI3C,9869
B001ECQ4JE,9870
B00099Z2OQ,9871
B000TGEJT8,9872
B0023A7JF4,9873
B005OZM810,9874
B00BMIY7F8,9875
B002PBCAEQ,9876
B000EGMHKQ,9877
B001F51TNQ,9878
B0090PHG7Q,9879
B003A88KDS,9880
B001ET7J6E,9881
B00176B9JC,9882
B0018SAJAY,9883
B00JR4FKGY,9884
B006WQF3B2,9885
B0001433OU,9886
B0038TVH3Y,9887
B000KONYJK,9888
B001PHFVPG,9889
B001HTCYPC,9890
B001E7BEEE,9891
B008WG7X8Q,9892
B004TSFE28,9893
B004675BIE,9894
B0014UEEXY,9895
B000O3GQ1A,9896
B005SPETGS,9897
B00GZ18LL8,9898
B006U95N34,9899
B00B1N6TSC,9900
B009GEUP6A,9901
B0015U5JD2,9902
B0045K1N8E,9903
B000JNRIM6,9904
B0000536M2,9905
B002LL57Z4,9906
B000C1W6TK,9907
B00FRDPOVU,9908
B0060HOMHY,9909
B003TPA9XG,9910
B00I4ZERGG,9911
B000052YOR,9912
B006NMY0MS,9913
B0006PJTB0,9914
B0006OU078,9915
B001707IQ6,9916
B004BHAJAE,9917
B000VEN3RW,9918
B00EYZY5VC,9919
B00CO9MFAS,9920
B005H8PTR4,9921
B000CC08VC,9922
B001UREIFU,9923
B00BLA2ETS,9924
B0016836RY,9925
B005Z49PQG,9926
B004YZMKLY,9927
B007HOCQVS,9928
B001B7PVRS,9929
B000PNTQS4,9930
B001B611L4,9931
B003USIHZY,9932
B00GTC02LA,9933
B00GNA9K3E,9934
B00JR4FOLA,9935
B0012ILUC6,9936
B001ESOKOY,9937
B003VMM74Q,9938
B002HEW8QQ,9939
B000VSZDVW,9940
B000FL4410,9941
B000YC718S,9942
B00BB8ZJPG,9943
B006WQBZ96,9944
B0027WPJRI,9945
B0020HEBX8,9946
B0051E3426,9947
B00AE07IEM,9948
B000F4DLBG,9949
B001QYBURQ,9950
B00JT74V1O,9951
B00JC77VEK,9952
B0043TUSME,9953
B004MGAGP2,9954
B003UMNO6C,9955
B0028MITHO,9956
B00JK3ZHIS,9957
B000H3EOLG,9958
B001AO0WCG,9959
B00IG8ZS1E,9960
B007Q0WW0S,9961
B00EAJQOZC,9962
B00ATY942M,9963
B0006SFXXK,9964
B001DKQ3O8,9965
B003ZTVDBS,9966
B0000C4COV,9967
B000Z605H2,9968
B000LPJASC,9969
B006WVCF18,9970
B0007DHMCO,9971
B00CE2JC9W,9972
B0051SF376,9973
B000W3WP1W,9974
B0034XRY7W,9975
B005F5J5Z6,9976
B00HEQKY7M,9977
B00K1H6AY2,9978
B004U6TMCM,9979
B007IY97U0,9980
B001H9275Y,9981
B008FX7B9M,9982
B007SIG5HY,9983
B002PBEDFK,9984
B001E96L2W,9985
B000CSYYZM,9986
B000N2IGWY,9987
B000K7J1PI,9988
B000O9O4YU,9989
B000TDFA3K,9990
B000V2DLJO,9991
B001KFDHZE,9992
B000OY5W3M,9993
B00005V5OW,9994
B00I2OR6YE,9995
B003X18NPW,9996
B00FRDPMQC,9997
B00AF63QQE,9998
B004GV8H7C,9999
B00CHFRIDS,10000
B006ZUEMSA,10001
B005BF1M10,10002
B005UKNUAC,10003
B00IRBY2R6,10004
B0071S7EWQ,10005
B0013JHGPO,10006
B0035RF85C,10007
B009FKNGGQ,10008
B003AJJTXM,10009
B00493YBXG,10010
B002LFNQT4,10011
B00ANFYEQS,10012
B001H928KI,10013
B00DSW9D7S,10014
B000SX3380,10015
B000U5O650,10016
B00K861Z4G,10017
B001A5S3BM,10018
B0000AFUTL,10019
B002DP75R6,10020
B000NP7K1E,10021
B00DQG0PJQ,10022
B003156NFW,10023
B003JA3KDW,10024
B006ZA0A5Y,10025
B004OE9RO8,10026
B00BG4MI3Q,10027
B0041ERPPE,10028
B007NNU2WI,10029
B0012QD7EC,10030
B005FKAQ7M,10031
B001U0OQN6,10032
B00HDZGF4K,10033
B001699TI8,10034
B000V2J3ZK,10035
B000RBUMR8,10036
B00HJD8NLY,10037
B0009OAIQI,10038
B001390336,10039
B008D5I61Y,10040
B0036Q4RZE,10041
B00GBL5GDS,10042
B0055Y9AIY,10043
B004R6CAGU,10044
B009LYB2E4,10045
B004ZD2M6I,10046
B000X040QW,10047
B002QXINAS,10048
B00AEM0W70,10049
B004BCTB9E,10050
B009RNUH7C,10051
B004YZ9GOS,10052
B00FRDPNM0,10053
B0085Y98VA,10054
B000NLHXEC,10055
B001YTD3BE,10056
B004GW8GRM,10057
B0027A7CMK,10058
B003W5YCVI,10059
B00005NFBD,10060
B000AA5VZY,10061
B002XQ1YT0,10062
B001G7PLBY,10063
B00AWLBACE,10064
B00B65NASW,10065
B001D0CWQG,10066
B00198PV7Y,10067
B003XQ7A38,10068
B008DF54K0,10069
B000142P12,10070
B00A0J09G6,10071
B0079R6BD2,10072
B00A0IWTBA,10073
B000G686U4,10074
B00GYF65TK,10075
B0094C4XOO,10076
B007P9YCWQ,10077
B00B1M0XCG,10078
B00008KA7P,10079
B0062W4T98,10080
B000VQEQXA,10081
B008JUBEBW,10082
B000V9M8B4,10083
B002Y26V00,10084
B003RF82RI,10085
B002D48QRA,10086
B0009V8N5E,10087
B0031B51Y0,10088
B0027CT5SC,10089
B00GXZS5VW,10090
B003UF0RB4,10091
B00HM6IXH2,10092
B001441QCW,10093
B000CECSAO,10094
B007S69QAY,10095
B00BUSYXJU,10096
B008VSYO5A,10097
B00AE07BDU,10098
B005XRZO0G,10099
B0058CJV50,10100
B005LN66Y0,10101
B001ADOV4W,10102
B000052YMR,10103
B008F5D4Y6,10104
B004LCD8D4,10105
B0047AKVW6,10106
B000ELP5KA,10107
B00AE07932,10108
B00004U9UY,10109
B001KYS930,10110
B009D7V4WO,10111
B00B1DRA94,10112
B00FRDPP6O,10113
B00AE07CTI,10114
B001RMP7M6,10115
B000NJG82W,10116
B00AQ9JIDK,10117
B00283O7LK,10118
B00876T3W0,10119
B004WC37SY,10120
B00B4YY1GU,10121
B0018OWHQM,10122
B000260KIO,10123
B000JVW9CC,10124
B00AM8923G,10125
B0028NA9US,10126
B003GLJ6PA,10127
B00AAJTDLI,10128
B004Y9GVZG,10129
B008J8PV4A,10130
B001S48IJC,10131
B0084A5NOQ,10132
B004AIAVYS,10133
B00AE0790U,10134
B001BAG38G,10135
B00022WA9K,10136
B0046DZQDS,10137
B002B9DWBC,10138
B000MUQFTI,10139
B008Q0E714,10140
B003IWTX9Q,10141
B000YBV4GY,10142
B005Z446JC,10143
B000JWM7FA,10144
B002MO9BW0,10145
B0056VE108,10146
B001SERK9G,10147
B0043IX95I,10148
B00008ZPGA,10149
B002UD52WQ,10150
B001183N8G,10151
B001ARQWW2,10152
B00G7U29KQ,10153
B000FBF5BI,10154
B001CN3QKK,10155
B004CQ710U,10156
B00GYB17TC,10157
B000URVDIQ,10158
B00GYB13OQ,10159
B008FOT6U8,10160
B000AM82US,10161
B0045SU05I,10162
B0009MHJE4,10163
B001W2K51O,10164
B0006Q3NTS,10165
B001DKRM8O,10166
B0009OAHC8,10167
B002UUT3AG,10168
B00J4JWN2Q,10169
B002LFLPEC,10170
B0081E6X1W,10171
B00K7PO996,10172
B005U33DO2,10173
B002R23I76,10174
B002GENWU8,10175
B002VECKK6,10176
B00HAT8EKW,10177
B00A3Q9LPG,10178
B002SFVP2W,10179
B00AWLB9G6,10180
B0001EKWPI,10181
B007P296VA,10182
B00EU6NK66,10183
B007E0FR84,10184
B001LVA0XO,10185
B0089JVEOK,10186
B0038QQ7OQ,10187
B009GEUPPG,10188
B000AQF50Y,10189
B003TG9C74,10190
B00ID8H16W,10191
B003UAAITA,10192
B00BTISDW4,10193
B006TUS9LC,10194
B00K2O3NV2,10195
B002B8BCA6,10196
B004MKHYQM,10197
B005IAWL22,10198
B001JQLNMS,10199
B0097G3XDY,10200
B000ZV5SLK,10201
B001E96P0U,10202
B00008MOQN,10203
B001F51TTA,10204
B00154MOEU,10205
B007BLN17K,10206
B003GE49A4,10207
B008RVYJS8,10208
B00CGKJ7QU,10209
B000VSYD4K,10210
B00008O2X5,10211
B002DPUY60,10212
B001DKK7Y0,10213
B000C21BT0,10214
B000LJCNAK,10215
B00AMKSWXK,10216
B000QA7HNC,10217
B000EVEKMY,10218
B0056FL4FY,10219
B0000ZLEX2,10220
B002U774PK,10221
B003IXP6P0,10222
B00277JKY6,10223
B006ON74II,10224
B00AO379NE,10225
B000SASZ9K,10226
B0011UR1H8,10227
B00HSNX1AS,10228
B002PMLGVI,10229
B00F2AFCJM,10230
B006O09VFA,10231
B00521MSJS,10232
B002L6NZ6C,10233
B005X2F7KI,10234
B008QMWPKM,10235
B003SSTL42,10236
B0083ZLXFU,10237
B007TQBGCY,10238
B000AAAWEO,10239
B000C1VT0W,10240
B005CRJUEI,10241
B00EYZY684,10242
B00BFYJPUG,10243
B00563K6VO,10244
B0076D1YF4,10245
B0065DLADM,10246
B001JQLNNM,10247
B004MOU4C4,10248
B004Y9L50C,10249
B004ATTGSY,10250
B00IU2C148,10251
B00CJ01QT8,10252
B002HMYF8W,10253
B004YBC5K4,10254
B00070QF20,10255
B0047PPO0U,10256
B0017TZD7S,10257
B0017ZDH52,10258
B0087O4XKE,10259
B002IT3KD0,10260
B0035RE2TA,10261
B001IB0NOS,10262
B0064ION50,10263
B00198OG7U,10264
B0009HJBPE,10265
B00AFCP6F2,10266
B004OEO0E0,10267
B00D0ANSAG,10268
B00GMZUS2M,10269
B000OYNCES,10270
B009A0VGKY,10271
B003H8180I,10272
B00008CMOQ,10273
B000VEWF2Q,10274
B0000531SW,10275
B0098JU8TC,10276
B000GCQ04C,10277
B0039UT9QE,10278
B000US0804,10279
B008X5C8BI,10280
B004TSFEBY,10281
B00HSNWXV6,10282
B000R1VH8Q,10283
B00152TXDM,10284
B003MJ7Z0O,10285
B005YVI3UO,10286
B0014C8COY,10287
B00683JILU,10288
B006UET5UG,10289
B003S19S9W,10290
B00014D5O8,10291
B00BGBUQXS,10292
B000J41MNG,10293
B004S2G4FG,10294
B00A0IWTEW,10295
B0008F6ZDI,10296
B003VMTZ8C,10297
B006RHYSLM,10298
B003UM6TJG,10299
B000142FVW,10300
B004CQR9L6,10301
B006OZF398,10302
B000X9WXSU,10303
B0026IFLG2,10304
B009SCRSHE,10305
B00AAIOP44,10306
B00HDL5VA8,10307
B002XXAUE8,10308
B005JRT7A8,10309
B000GP78S6,10310
B0018ZRTZA,10311
B00CH3OT4G,10312
B006UET9HK,10313
B001D1648M,10314
B008GSY7UM,10315
B00121UVU0,10316
B0059NA3MI,10317
B007A592HU,10318
B00AE07BMQ,10319
B0012IXO4I,10320
B000EGOG46,10321
B003VWZCMK,10322
B000VTRJMM,10323
B000OIHHYK,10324
B0069FDR96,10325
B000WTHKVQ,10326
B0034RNC7E,10327
B003AYEG4O,10328
B000C234ZY,10329
B001MX89Y8,10330
B0045H854W,10331
B007XX4EOK,10332
B0046VGIRI,10333
B00H3MATM2,10334
B002QG6P9G,10335
B000YZGPKU,10336
B003ZVYQRY,10337
B002HK2GI0,10338
B003OGT4KE,10339
B003MUYUU6,10340
B0039UTO3M,10341
B000OP7LTY,10342
B004JSGF4O,10343
B0069UA4GK,10344
B009FIF1RU,10345
B004GFR3GY,10346
B00CYA5E1O,10347
B000YT4TYK,10348
B000H3O90C,10349
B004Z209HS,10350
B00KHGIK54,10351
B0050INH2U,10352
B006L6A9NK,10353
B003YCCLIA,10354
B00021C5Y6,10355
B001LF4G7G,10356
B001LP64D0,10357
B007RTR898,10358
B003PLJP2A,10359
B004LQGQ48,10360
B0094GHKFE,10361
B004WHC5G4,10362
B000PNTQW0,10363
B003Y57G7I,10364
B008G95K70,10365
B007UZO2G6,10366
B00HM6IVXI,10367
B002QA31SU,10368
B005HIH8LE,10369
B00CNTJHQO,10370
B008CC4FPY,10371
B000I20Q72,10372
B0009VNI40,10373
B005QZQ9JU,10374
B0009OAI8G,10375
B000N5QVOG,10376
B0032PQPWW,10377
B003TMO3EU,10378
B000W7EZJS,10379
B001GMUCUY,10380
B00A0IWSIO,10381
B000EVGQ0S,10382
B00ARX8GGA,10383
B000GG2HOU,10384
B00BB8ZHJY,10385
B000EY4YLS,10386
B00HZ7IRSI,10387
B001JQLNLY,10388
B006MRM2TW,10389
B0083QNBCM,10390
B001PEZAHI,10391
B000EPA4FW,10392
B00HD4F8DK,10393
B004Y9M4DE,10394
B0016M1PVY,10395
B00028OU5Q,10396
B00A0MBBW4,10397
B003VMF5S6,10398
B000F63TW0,10399
B002D48QSE,10400
B003PFBCTU,10401
B000AMA4DQ,10402
B001P2O06W,10403
B0000535UT,10404
B004D1NSVK,10405
B000KOHSQA,10406
B007RTR8AC,10407
B00027DMI8,10408
B000C1ZDTU,10409
B005HIH7YM,10410
B000HEECYY,10411
B0012RXAGG,10412
B009T47YZ2,10413
B009XRFA88,10414
B00EYSNWXG,10415
B00JZVMTOU,10416
B005TKZS76,10417
B008NDVHTY,10418
B00GLS5DKM,10419
B004K3D0FK,10420
B008C130XS,10421
B00A46OKFG,10422
B0009OAIE0,10423
B003HG4GQI,10424
B00770JW9Q,10425
B007AU0FXA,10426
B007L5H7XK,10427
B002LV317A,10428
B000O2KACM,10429
B000RY4DJS,10430
B0011XWPNK,10431
B00543733U,10432
B000PZ8E62,10433
B0000535RD,10434
B00ALV8EL0,10435
B00GNA9KKM,10436
B001B1831U,10437
B0072XUY7W,10438
B002XHACTM,10439
B00DQUVXPW,10440
B007WL2UL2,10441
B008XWX4A0,10442
B009HKAWFC,10443
B002PBCABY,10444
B0076P7R1W,10445
B0001TQ9WI,10446
B0039VOSPU,10447
B005KF5WYO,10448
B000GCTBNY,10449
B000HK1ON0,10450
B002WTC38O,10451
B00175XIRY,10452
B00AZBVKAS,10453
B0009OAGRE,10454
B007BNDOHA,10455
B00AFECPAE,10456
B00028M3N2,10457
B000V2F6BU,10458
B000052XW5,10459
B005J5TIYK,10460
B009NCM6JY,10461
B00AP1BTZE,10462
B00028LN1K,10463
B001EDHAU0,10464
B0006LNC2G,10465
B006UET4XE,10466
B00C0Z5CYW,10467
B000142C1A,10468
B000V1BDIG,10469
B0032Z21HK,10470
B007EZ0CC0,10471
B001ESIZA4,10472
B0064EJ44O,10473
B0017L4CVO,10474
B003V57Q5I,10475
B000AADG8I,10476
B0045WDQFA,10477
B003JUY38I,10478
B00AUFSOU8,10479
B000BIUGV4,10480
B00A363EPO,10481
B0000531GD,10482
B0009JQFF6,10483
B004W24LQ6,10484
B0001ZA4CS,10485
B004JLEGM4,10486
B001JQLNJG,10487
B00373OK3A,10488
B001LR3NPK,10489
B001CJFEYK,10490
B004DEJIA2,10491
B000EVIWEG,10492
B001ECQ4PS,10493
B001AL4DBA,10494
B0013CSGBE,10495
B001TSJ7ZQ,10496
B006YUOHXQ,10497
B006ZEV036,10498
B001JQLNPA,10499
B000GCKCDW,10500
B009VD3IHO,10501
B00GW61EB0,10502
B00112BT88,10503
B006HJPT7W,10504
B0081CWUE8,10505
B002RXW5BA,10506
B0006PLPE4,10507
B004Y9GY44,10508
B001E6O8WU,10509
B000271KR8,10510
B00GGXFJ7O,10511
B001KYNZGG,10512
B008QMWVP6,10513
B004V0SZNO,10514
B00CQ05FES,10515
B005HO0A1I,10516
B004I5DFYQ,10517
B000TNOUA4,10518
B001WAKUTS,10519
B00G0K6ZQC,10520
B001CTQMIC,10521
B00787QT6W,10522
B009ARXD12,10523
B000S7ZT6U,10524
B000W9WZ34,10525
B000AMHWCW,10526
B0058E3XJI,10527
B0094GHGQM,10528
B00AZBTUNC,10529
B001MS7HF0,10530
B004YZMKLE,10531
B000H88Q9M,10532
B0032H2F4C,10533
B007RTR8A2,10534
B007JT7AIK,10535
B003NXX58K,10536
B00B22BCJS,10537
B00DPU6ZAG,10538
B006ENQHLS,10539
B00ID8H51S,10540
B0002JGU30,10541
B0067F998G,10542
B00KHH2VOY,10543
B000GRENPA,10544
B0098JU8TW,10545
B00CJ3MDJW,10546
B009L0YD6M,10547
B00ISW91BG,10548
B000OD31WW,10549
B0051SDC2Y,10550
B0092SVTGA,10551
B00AO4E9E0,10552
B00GGH84CW,10553
B001EWETAK,10554
B00AN5L8PS,10555
B000052YOL,10556
B0061KQEVW,10557
B002DPUY6A,10558
B002B4O7XE,10559
B000052YM4,10560
B006Z8BN02,10561
B000F6RFX4,10562
B005FMTAC2,10563
B000EGIFBQ,10564
B006GXG6FI,10565
B001QT3GVO,10566
B0052D4416,10567
B0030VT7XW,10568
B0032CDFCS,10569
B0068G8EZ8,10570
B00DLRNSSK,10571
B000V26BQY,10572
B00GLS58OS,10573
B003414XXC,10574
B000FBF58G,10575
B00BV5EX88,10576
B000GDDKJO,10577
B001G7PMOK,10578
B00198ZOU8,10579
B003VI0HVA,10580
B003VMFITM,10581
B00014WW38,10582
B00D3M0CRS,10583
B00AUV77TG,10584
B00ISW8ZVS,10585
B004KKIB5M,10586
B005IHEBJ6,10587
B00ITA41T4,10588
B003TQU1Q0,10589
B000V8MTIC,10590
B002PBACLY,10591
B00BIFWYTG,10592
B00HM6K6XQ,10593
B005UBN2AO,10594
B00GTBZ85Q,10595
B005ITRIOY,10596
B002AMUIBM,10597
B004D248U4,10598
B0050QJ0YQ,10599
B006RFZ8C2,10600
B002LHIQKQ,10601
B001KYVOJQ,10602
B00EF1QRMU,10603
B000I82POI,10604
B001FSK8SA,10605
B001C60YA2,10606
B005FYJB92,10607
B0000530ED,10608
B006L6A06Q,10609
B00AH4TKNC,10610
B006VDOPPQ,10611
B009VGNYFM,10612
B001LNTNGC,10613
B004FKD3HI,10614
B00014DMQE,10615
B000127UUA,10616
B002X9XV48,10617
B004FUUMJK,10618
B003VMZRYI,10619
B002MSN3QQ,10620
B001M7SIFY,10621
B0041PFZZK,10622
B0046797WK,10623
B003ZUOCN8,10624
B0046KN6FG,10625
B0028K3J8K,10626
B000BNG4VU,10627
B003QKL5YQ,10628
B00340T6XU,10629
B004J31KOO,10630
B006LRRQK8,10631
B001IMW9AS,10632
B001TJXI5U,10633
B0055J812U,10634
B001FYV0HM,10635
B001D67O3G,10636
B000XTFP0I,10637
